feature,mean_abs_shap,fold
PAX8 (7849),0.0012630564607461795,0
PTPN6 (5777),0.0009599450688427436,0
FKBP9 (11328),0.0008826293939301185,0
FOXA1 (3169),0.0008783374325184286,0
SPN (6693),0.0008494579039459327,0
SOX10 (6663),0.000840634681400759,0
RNF212 (285498),0.0008154300015891133,0
SLC35D2 (11046),0.0007512590600497647,0
C2orf74 (339804),0.0007219097039063045,0
PARVA (55742),0.0007046193124260246,0
IFFO1 (25900),0.0006985016074984715,0
EFHD1 (80303),0.0005830608235994145,0
CYBA (1535),0.0005492717517870231,0
ARHGEF6 (9459),0.0005392910346091674,0
IRF4 (3662),0.0005198495322738065,0
XAGE1A (653220),0.0005041379468692228,0
LYL1 (4066),0.000476547079819498,0
LTBR (4055),0.00041195189574184287,0
HOXD8 (3234),0.00040047626672706473,0
CYB561 (1534),0.00040041027005877913,0
MGP (4256),0.0003930398742981431,0
IKZF1 (10320),0.00038481420573809456,0
ARHGAP30 (257106),0.00038344896119229366,0
BNIP3 (664),0.0003755437836592557,0
INA (9118),0.000372647350440918,0
GAS6 (2621),0.0003557427445848724,0
HNMT (3176),0.0003550924823728115,0
WAS (7454),0.000350913987601026,0
HHEX (3087),0.0003454280662190349,0
KRT5 (3852),0.0003387142123522837,0
KRT20 (54474),0.0003368952562306522,0
CCL28 (56477),0.0003127364526980421,0
DDR2 (4921),0.00031023969117946454,0
TES (26136),0.0003095408300834391,0
LTBP2 (4053),0.0003057078881532382,0
XAGE1B (653067),0.00030327460427975516,0
DCN (1634),0.00028958188986267955,0
PRTFDC1 (56952),0.0002879198271496554,0
HOXA9 (3205),0.0002805666029748388,0
IRX2 (153572),0.0002758029706859698,0
KIAA0040 (9674),0.0002649449257553207,0
TESC (54997),0.00025994890298364405,0
LY6K (54742),0.0002470706393863783,0
GABRB3 (2562),0.00024281207485874384,0
MZB1 (51237),0.00024064398049241406,0
TSPYL5 (85453),0.00024042941230323518,0
GAS1 (2619),0.00023484859709406195,0
LAPTM4B (55353),0.00023363225466881889,0
CDH11 (1009),0.00023313620929439488,0
MPDZ (8777),0.00022918938186700403,0
SLFN11 (91607),0.00022346663659192104,0
S100B (6285),0.00022190921893283213,0
TYRP1 (7306),0.00022114560239584004,0
CDH13 (1012),0.00021834827325248817,0
HSPA1A (3303),0.00021108518291558756,0
INSM1 (3642),0.00020586119185232455,0
RNF43 (54894),0.000201102173622563,0
BACE2 (25825),0.00019614529387499758,0
GRAMD1B (57476),0.00019340397850101468,0
CDKN2A (1029),0.00018960059439638102,0
GJB3 (2707),0.00018820004726873536,0
DPYSL3 (1809),0.00018074296275568403,0
PTGR1 (22949),0.00017930593611154217,0
PTGS1 (5742),0.00017826111454141645,0
MDFI (4188),0.00017548372913360743,0
ACP5 (54),0.00017472161814326335,0
SLC6A15 (55117),0.00017442321481207987,0
LPCAT2 (54947),0.0001716063697152023,0
MAP4K1 (11184),0.00017008586418233316,0
CRYAB (1410),0.00016901738784159498,0
THY1 (7070),0.00016564540994630907,0
GCNT2 (2651),0.00016553361389411023,0
IFI16 (3428),0.00015751905764092606,0
CHRDL1 (91851),0.000156609941626335,0
PKP3 (11187),0.0001556983621296718,0
XAF1 (54739),0.00015484239274997052,0
HES1 (3280),0.00015456865888456754,0
ICAM2 (3384),0.00014751394207307452,0
ITGA3 (3675),0.00014538336186178578,0
OCLN (100506658),0.00014381708027902458,0
MBP (4155),0.00014328893842225908,0
BAIAP2L1 (55971),0.00014224457107962624,0
SLC27A2 (11001),0.00013740329617640092,0
MGST1 (4257),0.00013640043239848912,0
UCHL1 (7345),0.00013481913322778148,0
CXCL12 (6387),0.00013401072649707344,0
HEY1 (23462),0.0001337669349486626,0
MKRN3 (7681),0.00013121468170516416,0
LIFR (3977),0.0001267401846546281,0
ABLIM1 (3983),0.0001253008005961858,0
ESRP2 (80004),0.00012236417158003826,0
CLEC11A (6320),0.00011927039197704739,0
FCMR (9214),0.00011789271346565963,0
MB (4151),0.00011777393007167793,0
MS4A1 (931),0.00011758165347164989,0
PLAT (5327),0.0001174083098826338,0
CITED4 (163732),0.00011675952693908111,0
SPART (23111),0.0001159574883729758,0
TMC5 (79838),0.0001136382423821853,0
RNF128 (79589),0.00011346618311423397,0
DUSP4 (1846),0.00011222454465030218,0
SLC38A5 (92745),0.00011151488849738092,0
CEBPD (1052),0.00011106824779694848,0
ABCB1 (5243),0.00010997020547850885,0
SNX10 (29887),0.00010991046460240867,0
ECHDC2 (55268),0.00010821089853433577,0
PKP1 (5317),0.00010703789715283538,0
TMEM139 (135932),0.00010502763796093286,0
PTHLH (5744),0.00010490994392201017,0
ST3GAL5 (8869),0.00010453568939984522,0
SPARC (6678),0.00010417216086328045,0
RPS4Y1 (6192),0.00010255780293067731,0
B3GNT5 (84002),0.00010073357176627267,0
GPC6 (10082),0.00010062364150558149,0
HLA-E (3133),0.00010030952310518064,0
MAGEA2B (266740),0.00010020556320917847,0
GJA1 (2697),9.968627845982328e-05,0
TSPO (706),9.896715471501005e-05,0
RUNX3 (864),9.886920520984494e-05,0
KRT23 (25984),9.852811718362334e-05,0
IGFN1 (91156),9.750661954476118e-05,0
RGS16 (6004),9.723546358192629e-05,0
NETO2 (81831),9.641614135640491e-05,0
CD248 (57124),9.63799089249293e-05,0
BICDL1 (92558),9.579577635961532e-05,0
DEPP1 (11067),9.33663841146784e-05,0
MALL (7851),9.32569522380474e-05,0
STAT6 (6778),9.311195579655183e-05,0
LYZ (4069),9.262297397409385e-05,0
ADAMTS1 (9510),9.24029650695301e-05,0
MYB (4602),9.138421085915524e-05,0
ARMCX1 (51309),9.111591161405856e-05,0
PARM1 (25849),8.985798405445837e-05,0
RCN3 (57333),8.854940037963486e-05,0
VSIR (64115),8.730591387427387e-05,0
ETV1 (2115),8.708961803969328e-05,0
POU2AF1 (5450),8.692966978214265e-05,0
CLDN1 (9076),8.60531883067482e-05,0
MOK (5891),8.59917839349265e-05,0
MAPK13 (5603),8.579258038712032e-05,0
COL1A2 (1278),8.518566870835371e-05,0
ITGAL (3683),8.506360876896869e-05,0
IER3 (8870),8.491830889763587e-05,0
VIM (7431),8.479975118006963e-05,0
C1S (716),8.43489173892125e-05,0
ACTA2 (59),8.214209688829471e-05,0
CTSB (1508),8.062849117605514e-05,0
PXDC1 (221749),8.037292917745053e-05,0
TNFSF10 (8743),7.999864256523713e-05,0
LDOC1 (23641),7.980084535924459e-05,0
GREM1 (26585),7.967589596359567e-05,0
DSG2 (1829),7.962447289146407e-05,0
GATA3 (2625),7.879505566325593e-05,0
TJP1 (7082),7.853853350470821e-05,0
ATOH8 (84913),7.764426971226206e-05,0
ACSS1 (84532),7.715849939885569e-05,0
PGAP4 (84302),7.712571239265682e-05,0
CELF2 (10659),7.70480248067382e-05,0
DSC3 (1825),7.692131863557506e-05,0
PXDN (7837),7.681141073373818e-05,0
EYA4 (2070),7.653096966800969e-05,0
CYGB (114757),7.56141591819906e-05,0
HENMT1 (113802),7.50196290322457e-05,0
PRNP (5621),7.42136831419827e-05,0
POPDC3 (64208),7.305067920012035e-05,0
CYBRD1 (79901),7.248945470412119e-05,0
COL7A1 (1294),7.210719935860109e-05,0
BASP1 (10409),7.206589067843302e-05,0
EVL (51466),7.19235778323175e-05,0
LYPD3 (27076),7.187028841481943e-05,0
SULF2 (55959),7.173944487891248e-05,0
SLC16A5 (9121),7.128262094579839e-05,0
PROS1 (5627),7.121215255935975e-05,0
AEBP1 (165),7.101196163509859e-05,0
CYTIP (9595),7.084772135872293e-05,0
DCT (1638),7.030073263602985e-05,0
CPVL (54504),6.998799643578789e-05,0
EIF1AY (9086),6.983561045548373e-05,0
GPRC5B (51704),6.924879742681916e-05,0
NEXN (91624),6.920689130683251e-05,0
SNAI2 (6591),6.905208692317812e-05,0
STEAP1B (256227),6.840346809485159e-05,0
CSRP1 (1465),6.752916156268335e-05,0
SNRPN (6638),6.743523282466068e-05,0
ZEB2 (9839),6.731546417026147e-05,0
TBX3 (6926),6.568662885715506e-05,0
EMB (133418),6.547902793226128e-05,0
HOXC10 (3226),6.473740281237727e-05,0
CGN (57530),6.45708072075246e-05,0
MYC (4609),6.346492692055043e-05,0
PLAGL1 (5325),6.335445445618264e-05,0
RPP25 (54913),6.328113388270452e-05,0
C15orf48 (84419),6.320292833851046e-05,0
KRT17 (3872),6.226165424384023e-05,0
APBA2 (321),6.184438142471897e-05,0
PNMA8A (55228),6.181692413590148e-05,0
PLEKHG4 (25894),6.121386601375814e-05,0
TYR (7299),6.117940882919865e-05,0
CYFIP2 (26999),6.117605364510248e-05,0
LDHB (3945),6.055994705571822e-05,0
AGR2 (10551),6.035889264310717e-05,0
TM4SF4 (7104),6.0336377084462545e-05,0
ENPP2 (5168),5.965255611172055e-05,0
CNRIP1 (25927),5.935233049071447e-05,0
KRT7 (3855),5.909815783585885e-05,0
CDCP1 (64866),5.8986520392249875e-05,0
LRRC17 (10234),5.824827978204488e-05,0
IFIT1 (3434),5.818068340671194e-05,0
DLC1 (10395),5.8080516345926254e-05,0
CARD11 (84433),5.805412579815137e-05,0
BICC1 (80114),5.7972303814146516e-05,0
NRN1 (51299),5.7373373719511854e-05,0
FBXO32 (114907),5.711043868296352e-05,0
F2RL1 (2150),5.7006135446384166e-05,0
KRT16 (3868),5.66934560238758e-05,0
C1QL1 (10882),5.6685375094545834e-05,0
ITGB4 (3691),5.662681075277504e-05,0
SMARCA1 (6594),5.6345050567098445e-05,0
PSMB8 (5696),5.612335311262656e-05,0
TFPI2 (7980),5.59690291961914e-05,0
NELL2 (4753),5.5849053183303654e-05,0
TFAP2C (7022),5.5555611766490974e-05,0
CSTA (1475),5.5023583143117295e-05,0
DDR1 (780),5.479777799604265e-05,0
FOXD1 (2297),5.445511793652944e-05,0
RASGRP3 (25780),5.436605292160802e-05,0
CRMP1 (1400),5.402771312350234e-05,0
TIMP1 (7076),5.38609129076367e-05,0
POF1B (79983),5.380405648958061e-05,0
VAV1 (7409),5.3685817350831594e-05,0
NID2 (22795),5.368553664283479e-05,0
TMEM30B (161291),5.346608499129406e-05,0
ANGPTL2 (23452),5.3079360739636e-05,0
FAT1 (2195),5.3046436783181204e-05,0
GLT8D2 (83468),5.2641722618907345e-05,0
SFN (2810),5.2517470191620385e-05,0
NQO1 (1728),5.246557211176831e-05,0
ZFP36L1 (677),5.245043592203138e-05,0
IQGAP2 (10788),5.2407971060604595e-05,0
TCEA3 (6920),5.229609419361584e-05,0
TUSC3 (7991),5.227009077178652e-05,0
TCEAL9 (51186),5.215985482515698e-05,0
RAB38 (23682),5.200845604840177e-05,0
PTPRF (5792),5.153269806817259e-05,0
TFAP2A (7020),5.13174794639994e-05,0
SGK1 (6446),5.131490007372116e-05,0
PRAME (23532),5.094635453190022e-05,0
NID1 (4811),5.0870957227060724e-05,0
B4GALNT1 (2583),5.034963940197514e-05,0
MATN2 (4147),4.9496466403628204e-05,0
S100P (6286),4.923786924920649e-05,0
ARHGAP8 (23779),4.890166948290711e-05,0
AKR1B1 (231),4.869175914258889e-05,0
CXCL2 (2920),4.866722951052319e-05,0
NGFR (4804),4.855245774462357e-05,0
LMO7 (4008),4.849279715784971e-05,0
HOXB2 (3212),4.8378920954235124e-05,0
KRT6A (3853),4.8308207271799346e-05,0
TAGLN (6876),4.8241090453352756e-05,0
METRNL (284207),4.817147578572354e-05,0
PHGR1 (644844),4.797819417990829e-05,0
RAB13 (5872),4.792284706764984e-05,0
FERMT1 (55612),4.7915137569126675e-05,0
SOX9 (6662),4.7614199058515495e-05,0
NUP210 (23225),4.740027157327891e-05,0
ADORA2B (136),4.667169090552467e-05,0
CHGA (1113),4.629749270345699e-05,0
SLC7A7 (9056),4.629597160551698e-05,0
RAMP1 (10267),4.6097908954474536e-05,0
MAGEA4 (4103),4.607463459864133e-05,0
UACA (55075),4.5990715135213795e-05,0
S100A1 (6271),4.5942534699234963e-05,0
MMP14 (4323),4.579024025406199e-05,0
CSPG4 (1464),4.5176284001417506e-05,0
GALNT6 (11226),4.5044601532231846e-05,0
CYP1B1 (1545),4.496522929061766e-05,0
DZIP1 (22873),4.480746089632833e-05,0
RBM47 (54502),4.462424789405893e-05,0
C1orf21 (81563),4.448348571741158e-05,0
GSTP1 (2950),4.4330453965368854e-05,0
TOR4A (54863),4.4214921158006766e-05,0
BTG2 (7832),4.3998305354864266e-05,0
C1R (715),4.369440228840645e-05,0
MST1R (4486),4.3659414750573834e-05,0
CP (1356),4.3599515338312836e-05,0
FMN2 (56776),4.358056284858286e-05,0
CEP15 (57415),4.331551821232744e-05,0
APOBEC3G (60489),4.329862821745236e-05,0
ADIRF (10974),4.328613550637639e-05,0
MSX2 (4488),4.328472207595934e-05,0
SOD3 (6649),4.3065159623100716e-05,0
SLC2A10 (81031),4.2950301684617446e-05,0
SLC7A8 (23428),4.282584469879678e-05,0
CAVIN2 (8436),4.2703942063100266e-05,0
TNFRSF11B (4982),4.2378290203246626e-05,0
USP9Y (8287),4.2173575430121214e-05,0
CHGB (1114),4.172239247101798e-05,0
NRP2 (8828),4.073537328865924e-05,0
PRR5L (79899),4.068710778323902e-05,0
MYO1B (4430),4.063167970926942e-05,0
EPCAM (4072),4.054371787838458e-05,0
ISG20 (3669),4.049859955209529e-05,0
TOM1L1 (10040),4.029713112881215e-05,0
PLS1 (5357),4.029634629137902e-05,0
ESRP1 (54845),4.027829011169402e-05,0
RIPK4 (54101),4.018562247462047e-05,0
AXIN2 (8313),3.998232322416044e-05,0
NRCAM (4897),3.977391792055866e-05,0
SDC4 (6385),3.976470478810108e-05,0
CLDN3 (1365),3.9691696235804114e-05,0
SORL1 (6653),3.969154286157994e-05,0
INHBB (3625),3.9677742306696315e-05,0
SNTB1 (6641),3.967473841265951e-05,0
TSPAN6 (7105),3.955376918190732e-05,0
FLRT2 (23768),3.9477577746478e-05,0
HPDL (84842),3.9110445351996454e-05,0
GSTO2 (119391),3.903468177033618e-05,0
PSMB9 (5698),3.8847931280806766e-05,0
TNFRSF1A (7132),3.867336615861619e-05,0
KCNE3 (10008),3.862557668847174e-05,0
PDE1C (5137),3.859534064719614e-05,0
S100A13 (6284),3.856367218218896e-05,0
ZIC1 (7545),3.846231520872529e-05,0
GRB10 (2887),3.845504967450097e-05,0
DDC (1644),3.84307693819382e-05,0
SH2D3A (10045),3.837091018055445e-05,0
APCDD1 (147495),3.8305380853238005e-05,0
NHSL3 (57648),3.8072053503435864e-05,0
GDA (9615),3.803606384337719e-05,0
IGF2BP3 (10643),3.7700584091820295e-05,0
SEMA6A (57556),3.762587364310329e-05,0
FSD1 (79187),3.759542586786601e-05,0
EPHA2 (1969),3.7562588123599745e-05,0
ETV5 (2119),3.747765569111042e-05,0
MSC (9242),3.7408935148096734e-05,0
ERAP2 (64167),3.724442842104114e-05,0
PPARG (5468),3.7234781182980956e-05,0
SPINT1 (6692),3.700972322073575e-05,0
EPDR1 (54749),3.699822750169305e-05,0
TM4SF18 (116441),3.691603969022866e-05,0
PODXL2 (50512),3.6794046508059096e-05,0
STXBP2 (6813),3.673434646496375e-05,0
GALNT5 (11227),3.671671672521992e-05,0
HACD1 (9200),3.671154009852176e-05,0
LOXL4 (84171),3.6681599871469714e-05,0
MARVELD3 (91862),3.6513217214796715e-05,0
IGF2 (3481),3.646928120280406e-05,0
SPOCK1 (6695),3.6328202478728705e-05,0
CD99 (4267),3.629454240201949e-05,0
SCEL (8796),3.621770026584885e-05,0
SERPINA3 (12),3.613173856268095e-05,0
PLCB2 (5330),3.597842532216903e-05,0
TWIST1 (7291),3.593504363551772e-05,0
CERCAM (51148),3.582046562375887e-05,0
PRODH (5625),3.529448474847948e-05,0
MGST2 (4258),3.526473190052452e-05,0
NPTX1 (4884),3.5163345243132756e-05,0
PSD4 (23550),3.507272451087658e-05,0
HSPB1 (3315),3.4968037825296404e-05,0
SPRY2 (10253),3.495736890171669e-05,0
RNF130 (55819),3.493384986944483e-05,0
LGALS1 (3956),3.460622937948054e-05,0
CA8 (767),3.423584013170438e-05,0
SLFN13 (146857),3.4144327419436504e-05,0
SMIM3 (85027),3.3972619057037734e-05,0
TNFRSF10D (8793),3.390929381457472e-05,0
FOSL1 (8061),3.386156680682851e-05,0
WNT7B (7477),3.385537343689397e-05,0
TPM1 (7168),3.3836510122419023e-05,0
DSC2 (1824),3.3818662046558926e-05,0
MMP28 (79148),3.372342623292196e-05,0
CXCR4 (7852),3.365754348084975e-05,0
WWTR1 (25937),3.356479361250728e-05,0
GALM (130589),3.3353157674655664e-05,0
DHRS9 (10170),3.31310234020797e-05,0
COL6A3 (1293),3.3117984025951456e-05,0
GYPC (2995),3.308852256116701e-05,0
GLMP (112770),3.304109578839031e-05,0
COL1A1 (1277),3.2998687471450824e-05,0
UPP1 (7378),3.283445534430151e-05,0
KRT19 (3880),3.274494375276044e-05,0
SMOC1 (64093),3.272315602220292e-05,0
PDLIM1 (9124),3.271377230389194e-05,0
NHERF2 (9351),3.240845805911899e-05,0
F2R (2149),3.2114710742898615e-05,0
CRYBG1 (202),3.2083746192441764e-05,0
TMEM98 (26022),3.205542819045694e-05,0
PROM2 (150696),3.205165615625362e-05,0
TPM2 (7169),3.1880695434511626e-05,0
ST3GAL6 (10402),3.1847164071511594e-05,0
PHGDH (26227),3.167395921549687e-05,0
KLK10 (5655),3.161645999638785e-05,0
FOS (2353),3.149253701612695e-05,0
MET (4233),3.1348944781653484e-05,0
AQP3 (360),3.1329869430861816e-05,0
COL4A1 (1282),3.132314671902226e-05,0
GATA2 (2624),3.119026855777973e-05,0
GPC3 (2719),3.1166159782148165e-05,0
TENM2 (57451),3.1134887285143366e-05,0
OSMR (9180),3.102454645406915e-05,0
EPB41L3 (23136),3.093270167280669e-05,0
PRXL2A (84293),3.07574231578038e-05,0
ACTN1 (87),3.068667288962143e-05,0
TSTD1 (100131187),3.0657366824384305e-05,0
MRC2 (9902),3.0606483723063366e-05,0
CRIP1 (1396),3.0393201568906272e-05,0
ID1 (3397),3.0345575120402818e-05,0
GALC (2581),3.0159871387082584e-05,0
MAN1A1 (4121),3.0111857522033976e-05,0
CD9 (928),2.9969333606077154e-05,0
BCAM (4059),2.9873569731208225e-05,0
MFAP5 (8076),2.9852534257888846e-05,0
HOXB6 (3216),2.9818539609231303e-05,0
WWC1 (23286),2.9670018251976118e-05,0
FLNC (2318),2.9547672268653055e-05,0
TRIP6 (7205),2.937930633374067e-05,0
A2M (2),2.9174365363405236e-05,0
SERPINB1 (1992),2.86149110549991e-05,0
NOTCH3 (4854),2.8467251218434978e-05,0
FST (10468),2.844393402618593e-05,0
FGFBP1 (9982),2.8418269630946e-05,0
ATP8B1 (5205),2.8254856781259384e-05,0
FGFR4 (2264),2.8170846083294957e-05,0
SFRP1 (6422),2.8064000937349486e-05,0
NES (10763),2.80521083386365e-05,0
NR2F2 (7026),2.8046486242146636e-05,0
DLX5 (1749),2.8015686265105326e-05,0
COTL1 (23406),2.799706891147975e-05,0
DAPP1 (27071),2.799177667713947e-05,0
ME3 (10873),2.7953086696224664e-05,0
ZSCAN18 (65982),2.776545509904959e-05,0
LMCD1 (29995),2.766171558278717e-05,0
GNG12 (55970),2.7487255353282298e-05,0
APOBEC3C (27350),2.733043050073302e-05,0
SYK (6850),2.7285482252237456e-05,0
IGFBP4 (3487),2.7082993771270528e-05,0
GLUL (2752),2.696552081946565e-05,0
MMP1 (4312),2.6798246032627085e-05,0
SHISA2 (387914),2.6533466852776908e-05,0
SLC16A4 (9122),2.6530676443396775e-05,0
ADAM23 (8745),2.6422807350931814e-05,0
PLEKHA6 (22874),2.6091667357664588e-05,0
SPOCD1 (90853),2.605418176552496e-05,0
SDC3 (9672),2.5995801349892802e-05,0
MCTP2 (55784),2.5950897617293188e-05,0
TUBB2B (347733),2.5920751999191622e-05,0
MFGE8 (4240),2.579579466150743e-05,0
VAV3 (10451),2.5690321181237506e-05,0
PRSS21 (10942),2.5591565388277777e-05,0
H2AJ (55766),2.5571353678533535e-05,0
ARHGAP4 (393),2.5558559327866414e-05,0
LEF1 (51176),2.5522409086461508e-05,0
CTTN (2017),2.5220395570150175e-05,0
A4GALT (53947),2.5154978760101877e-05,0
CDIP1 (29965),2.5102935682086795e-05,0
LPAR6 (10161),2.5101903112354037e-05,0
MTARC1 (64757),2.4829662498030985e-05,0
TMT1B (196410),2.4820631268069037e-05,0
LRP1 (4035),2.47274412976294e-05,0
MLPH (79083),2.468881883150224e-05,0
ALOX5AP (241),2.4567754877844228e-05,0
C19orf33 (64073),2.454722799638611e-05,0
MACROH2A2 (55506),2.45189157328022e-05,0
CDH6 (1004),2.4417327954290024e-05,0
SPOCK2 (9806),2.4415162544839163e-05,0
APBB1IP (54518),2.4383372800248927e-05,0
ZNF677 (342926),2.4202468109794975e-05,0
GABRE (2564),2.420176594651644e-05,0
LIMD2 (80774),2.4162512567677748e-05,0
SLITRK6 (84189),2.414615003331467e-05,0
IFIT3 (3437),2.3999692166012218e-05,0
HMGA2 (8091),2.3981360593153098e-05,0
DBNDD1 (79007),2.3971923997331886e-05,0
HKDC1 (80201),2.3927105463614868e-05,0
ISG15 (9636),2.3792458295119592e-05,0
PLBD1 (79887),2.3752790846986896e-05,0
GLB1L2 (89944),2.3658912268500707e-05,0
DMKN (93099),2.3604840415032142e-05,0
FGF2 (2247),2.3570712044040198e-05,0
IGFBPL1 (347252),2.351088215989667e-05,0
MYO15B (80022),2.3426108756516473e-05,0
MAGEC2 (51438),2.3421922303313856e-05,0
MYEF2 (50804),2.329301928789872e-05,0
SLC1A3 (6507),2.3273780052523902e-05,0
FAM171A1 (221061),2.324120571637036e-05,0
C6orf132 (647024),2.316703015707625e-05,0
RBPMS (11030),2.3158368746292328e-05,0
TUBA4A (7277),2.3059974268603907e-05,0
HR (55806),2.3057990490161393e-05,0
GOLGA8A (23015),2.3042723940897274e-05,0
IFITM2 (10581),2.2990353978433176e-05,0
DENND2D (79961),2.2987542857777585e-05,0
LRP12 (29967),2.290754513054946e-05,0
TNS3 (64759),2.2770046382678094e-05,0
IFI6 (2537),2.2762552148900233e-05,0
LAMA4 (3910),2.274167833022231e-05,0
CRABP1 (1381),2.273904297044836e-05,0
MEF2C (4208),2.2711550797948927e-05,0
KRT13 (3860),2.2697270903048054e-05,0
SNAP25 (6616),2.2666888976095983e-05,0
KIF1A (547),2.2605925941868475e-05,0
PKP2 (5318),2.253679583758796e-05,0
CADM4 (199731),2.244824915689854e-05,0
ZNF185 (7739),2.244615518476803e-05,0
MYCN (4613),2.2370869107037573e-05,0
CD59 (966),2.2120890390228797e-05,0
CPQ (10404),2.2116302176645325e-05,0
FERMT3 (83706),2.20776118848946e-05,0
S100A16 (140576),2.191090682560086e-05,0
LAMB2 (3913),2.1903604507161525e-05,0
ADM (133),2.1874812103231706e-05,0
QPRT (23475),2.183411210425552e-05,0
CEACAM6 (4680),2.180809566566207e-05,0
CTSH (1512),2.1742995277228186e-05,0
MANSC1 (54682),2.169493356204517e-05,0
ADGRG6 (57211),2.1619130901630695e-05,0
BOK (666),2.158622397705884e-05,0
BCHE (590),2.152778277011346e-05,0
CXADR (1525),2.14430761733309e-05,0
SPP1 (6696),2.1368193296033482e-05,0
SLC2A3 (6515),2.136798626095016e-05,0
HDGFL3 (50810),2.1364203320217776e-05,0
ARHGAP9 (64333),2.1349604692133038e-05,0
TUBA1A (7846),2.125818126275004e-05,0
RAB3B (5865),2.1243891420382686e-05,0
CHN1 (1123),2.121395903462498e-05,0
TPD52L1 (7164),2.116816803064477e-05,0
PLXND1 (23129),2.11526211062341e-05,0
FAM107B (83641),2.110552336037804e-05,0
PMP22 (5376),2.102331288450682e-05,0
CBR1 (873),2.1009431328100025e-05,0
PPP1R14A (94274),2.093335323521234e-05,0
ENG (2022),2.0910480951596103e-05,0
SPTBN2 (6712),2.0856058730413082e-05,0
EFNA1 (1942),2.081918274285086e-05,0
NSG1 (27065),2.0657785569769996e-05,0
SERPINE1 (5054),2.064263050264627e-05,0
EPHA1 (2041),2.060330876071917e-05,0
DSP (1832),2.0538685432906616e-05,0
C6orf141 (135398),2.0488546474716943e-05,0
FILIP1L (11259),2.0423214317216068e-05,0
BMP4 (652),2.040467530394381e-05,0
MSLN (10232),2.033014727855914e-05,0
PYGL (5836),2.0237198745383055e-05,0
TMEM184A (202915),2.0182982446821095e-05,0
FRMD4A (55691),2.0120518512956442e-05,0
C3 (718),2.0022860865983414e-05,0
TNFAIP2 (7127),2.00168977767293e-05,0
DLK1 (8788),1.9991691022133028e-05,0
SPINT2 (10653),1.9963516222244694e-05,0
ST6GALNAC2 (10610),1.9940330097216548e-05,0
ZNF711 (7552),1.9912433057961827e-05,0
DAPK1 (1612),1.9852266538005228e-05,0
RAB32 (10981),1.9810810512509913e-05,0
PARVB (29780),1.978717348882198e-05,0
HCLS1 (3059),1.976866231141768e-05,0
PFN2 (5217),1.974612561880783e-05,0
LHFPL6 (10186),1.967111770698352e-05,0
ASPH (444),1.9660906203884408e-05,0
KIT (3815),1.965055246187887e-05,0
ASRGL1 (80150),1.9623773298676346e-05,0
CXCL3 (2921),1.9594896486705084e-05,0
LMO2 (4005),1.9577162899579408e-05,0
DCLK1 (9201),1.955254505710047e-05,0
PLAC8 (51316),1.9527124728495318e-05,0
NFE2L3 (9603),1.9448269536576378e-05,0
NEDD9 (4739),1.942240624911676e-05,0
HLA-B (3106),1.9340617499065936e-05,0
CCDC69 (26112),1.928550344336637e-05,0
PTPRZ1 (5803),1.9230689756526168e-05,0
IGFBP2 (3485),1.915984518832742e-05,0
KRT4 (3851),1.9092307630865473e-05,0
SMIM22 (440335),1.9048088969657533e-05,0
PTGFRN (5738),1.9014375478225516e-05,0
NLRP2 (55655),1.9007265007609884e-05,0
MLLT11 (10962),1.8813482388476038e-05,0
LAT2 (7462),1.8805373632661418e-05,0
MIA (8190),1.8783144698591464e-05,0
TMEM47 (83604),1.8730702384006058e-05,0
FBXO17 (115290),1.8687894761149988e-05,0
CST1 (1469),1.8620738292412673e-05,0
ELL2 (22936),1.858231721793961e-05,0
ENAH (55740),1.851609976363912e-05,0
TMSB4X (7114),1.85021993637397e-05,0
BST2 (684),1.8499545834085636e-05,0
UPK1B (7348),1.8473600160595677e-05,0
RRAS (6237),1.84220019164419e-05,0
PNMA2 (10687),1.837930088372625e-05,0
SLCO4A1 (28231),1.8379112311768265e-05,0
S100A8 (6279),1.835825297659288e-05,0
GLIPR1 (11010),1.83220426128073e-05,0
ACTG2 (72),1.8267506973779302e-05,0
PLEK2 (26499),1.8267296112621487e-05,0
COL4A5 (1287),1.8237430325461014e-05,0
CDKN1A (1026),1.8205087142005362e-05,0
APOD (347),1.8132712002272602e-05,0
TEAD1 (7003),1.812754361707519e-05,0
MDFIC (29969),1.8098878584269887e-05,0
CNN1 (1264),1.8077639223057593e-05,0
SERPINB5 (5268),1.7938567372387933e-05,0
NUDT11 (55190),1.788429379186441e-05,0
DPP4 (1803),1.783098415934787e-05,0
DPYSL5 (56896),1.779615530242488e-05,0
NEBL (10529),1.772485609202689e-05,0
MLANA (2315),1.7719091895893324e-05,0
SATB1 (6304),1.7670822064489843e-05,0
ID3 (3399),1.7638674689210675e-05,0
NPDC1 (56654),1.763216108614006e-05,0
MYO5B (4645),1.7580226543440387e-05,0
CLDN11 (5010),1.7561842028976052e-05,0
ADAP1 (11033),1.7533637238480614e-05,0
SELPLG (6404),1.7498832192500956e-05,0
SH3BP4 (23677),1.7440638853291505e-05,0
COBL (23242),1.7380387777478632e-05,0
WDR72 (256764),1.7374162575331422e-05,0
TACSTD2 (4070),1.7318356367769024e-05,0
RHBDF1 (64285),1.729792422227134e-05,0
VCAN (1462),1.72712813860962e-05,0
LMO3 (55885),1.7067591087095927e-05,0
MAGEA2 (4101),1.6985456385163257e-05,0
CRIM1 (51232),1.697655722956304e-05,0
PPP1R1B (84152),1.6973501483308e-05,0
JCHAIN (3512),1.6973138006828863e-05,0
ADGRF1 (266977),1.6874014017995526e-05,0
PHLDB2 (90102),1.6828514957650793e-05,0
SEMA3F (6405),1.664523308024273e-05,0
TRO (7216),1.6624138513093436e-05,0
LY96 (23643),1.6615339443223705e-05,0
ANGPT1 (284),1.6562218721708176e-05,0
CLEC2B (9976),1.6528030175435e-05,0
ICA1 (3382),1.6488148386175945e-05,0
EHF (26298),1.648407935952453e-05,0
ARHGAP22 (58504),1.6423739801009158e-05,0
MAP1B (4131),1.639831938465372e-05,0
TCF7 (6932),1.6372349018078844e-05,0
FAM114A1 (92689),1.6368877187949986e-05,0
SELENBP1 (8991),1.631820133832121e-05,0
ZG16B (124220),1.623171375449185e-05,0
GPRC5C (55890),1.6192976645878126e-05,0
ITGBL1 (9358),1.609618555383925e-05,0
NMI (9111),1.607177034773274e-05,0
SP100 (6672),1.5994290841051678e-05,0
MAGEA6 (4105),1.586464532809265e-05,0
RNF182 (221687),1.585530105676968e-05,0
ACAP1 (9744),1.585033321088677e-05,0
CSAG3 (389903),1.583475093036143e-05,0
FOSB (2354),1.580976069728905e-05,0
IFITM1 (8519),1.569111871443453e-05,0
APOBEC3B (9582),1.566060517362915e-05,0
CORO1A (11151),1.5566433725577094e-05,0
TRIM22 (10346),1.5547036484172846e-05,0
CXCL5 (6374),1.5478770538091262e-05,0
GAL (51083),1.531036668267929e-05,0
TCIRG1 (10312),1.5288751460814534e-05,0
TSPAN12 (23554),1.5276657565165263e-05,0
SULT1A1 (6817),1.517497821819458e-05,0
FGF13 (2258),1.5084469785042398e-05,0
PHLDA1 (22822),1.5059970525674796e-05,0
GAS7 (8522),1.5015887785721232e-05,0
SECTM1 (6398),1.5000631717156421e-05,0
AUTS2 (26053),1.4907497219997539e-05,0
LYPD1 (116372),1.4878565704336621e-05,0
CTAG2 (30848),1.4866506574465277e-05,0
KRT81 (3887),1.482329169351141e-05,0
PLS3 (5358),1.4774122631888306e-05,0
C8orf88 (100127983),1.4765775715328448e-05,0
HLA-C (3107),1.4748484409124709e-05,0
C12orf75 (387882),1.4735610820513693e-05,0
NMNAT2 (23057),1.4702677941388871e-05,0
IGFBP7 (3490),1.4673696836036229e-05,0
PTN (5764),1.463180594640878e-05,0
CTHRC1 (115908),1.4472769375835915e-05,0
JAM3 (83700),1.438713826528081e-05,0
COL8A1 (1295),1.4343900149800013e-05,0
TPD52 (7163),1.4343408286614303e-05,0
NRP1 (8829),1.426903014497708e-05,0
SERPING1 (710),1.4238226114625623e-05,0
MAP2 (4133),1.4187818050000246e-05,0
FAM221A (340277),1.4173217265039472e-05,0
LAMC1 (3915),1.4165453859285463e-05,0
IFI27 (3429),1.4156063598621174e-05,0
BEX1 (55859),1.4064674732287384e-05,0
ITGB5 (3693),1.3929863110376293e-05,0
GLDC (2731),1.3891830105785994e-05,0
ITM2C (81618),1.382366690168128e-05,0
CPS1 (1373),1.3743033261365637e-05,0
NCKAP1 (10787),1.3740195045355139e-05,0
COPZ2 (51226),1.3716269345640247e-05,0
CALB2 (794),1.3708437735547567e-05,0
AKR1C2 (1646),1.3671180272495679e-05,0
ULBP2 (80328),1.3654634608019226e-05,0
GFPT2 (9945),1.360164668567228e-05,0
SIRPA (140885),1.3482083196416665e-05,0
TGM2 (7052),1.344381371300579e-05,0
PDE10A (10846),1.3413443404190316e-05,0
MMP7 (4316),1.340823875991324e-05,0
CYP27A1 (1593),1.3389925262488377e-05,0
HAS2 (3037),1.3389161886324097e-05,0
WNT5B (81029),1.3344339012065536e-05,0
PDZK1IP1 (10158),1.3295079389686406e-05,0
MAP3K7CL (56911),1.3294338059827368e-05,0
PSG5 (5673),1.3192753749933652e-05,0
TNS2 (23371),1.3184720031197014e-05,0
PDGFC (56034),1.3168382949257843e-05,0
GNG2 (54331),1.315088947938102e-05,0
FOXQ1 (94234),1.3148627644221217e-05,0
SPRY1 (10252),1.3128008968051496e-05,0
SYNGR1 (9145),1.3107640445494169e-05,0
P2RY8 (286530),1.3102906565162757e-05,0
MMP2 (4313),1.3060313328772154e-05,0
MPP1 (4354),1.2933027724500526e-05,0
FSTL3 (10272),1.281584419780419e-05,0
POGLUT3 (143888),1.2735444854100087e-05,0
UGT8 (7368),1.2689011195732363e-05,0
H2AC25 (92815),1.268703041386719e-05,0
HES4 (57801),1.2686541400293868e-05,0
CKMT1B (1159),1.266671162415831e-05,0
PCSK1N (27344),1.2666072467750947e-05,0
CD48 (962),1.2644390767295083e-05,0
LSP1 (4046),1.2639734109604664e-05,0
S100A10 (6281),1.2617120748057252e-05,0
LOXL2 (4017),1.2587181425471804e-05,0
SAT1 (6303),1.2556789874071235e-05,0
PMAIP1 (5366),1.2538870119819218e-05,0
DBNDD2 (55861),1.2530242834139805e-05,0
ATP1A3 (478),1.2523166683615422e-05,0
NFIX (4784),1.2518087290977558e-05,0
ALOX5 (240),1.2496461075070161e-05,0
SYNPO (11346),1.2436236130348641e-05,0
DTNA (1837),1.2432288254522237e-05,0
DCDC2 (51473),1.2428277371322525e-05,0
ANPEP (290),1.2368827014439796e-05,0
NR4A1 (3164),1.2335435619093872e-05,0
TRPV2 (51393),1.232501209532549e-05,0
THBD (7056),1.2311888254214063e-05,0
CSF1 (1435),1.2302572844317581e-05,0
IGSF3 (3321),1.222639954875412e-05,0
AGR3 (155465),1.2201776825660935e-05,0
BTK (695),1.2159928682925152e-05,0
PPP1R3C (5507),1.2134111605126485e-05,0
CHST15 (51363),1.20696667865439e-05,0
RHOB (388),1.2069092667579743e-05,0
IFITM3 (10410),1.2057204398868606e-05,0
STMN2 (11075),1.204432329791972e-05,0
PTK2B (2185),1.20113393779253e-05,0
MYL9 (10398),1.2000904052912525e-05,0
COL4A2 (1284),1.1963162554481515e-05,0
FBXO2 (26232),1.1942259943419278e-05,0
CAPN2 (824),1.1940096095762535e-05,0
CPNE8 (144402),1.191267037208064e-05,0
PCOLCE (5118),1.1910309358409045e-05,0
MAGED1 (9500),1.1843167087196131e-05,0
MFNG (4242),1.183191463796032e-05,0
KCNQ2 (3785),1.1793589485146847e-05,0
HOXB7 (3217),1.1782727285015803e-05,0
PSAT1 (29968),1.1750085843421214e-05,0
CD22 (933),1.1709889249356596e-05,0
SEPTIN5 (5413),1.1617238437033182e-05,0
HLA-DPA1 (3113),1.1605677416735868e-05,0
ITGA2 (3673),1.1576610202879052e-05,0
TRAF3IP3 (80342),1.1566893938175278e-05,0
VGF (7425),1.1566623235760933e-05,0
RARRES1 (5918),1.1502350210189866e-05,0
TNNC1 (7134),1.1497592782967181e-05,0
HOXA10 (3206),1.1490304033193188e-05,0
PALM (5064),1.1433449132437906e-05,0
INPP4B (8821),1.142244397550562e-05,0
BGN (633),1.1369007386350953e-05,0
TCEAL8 (90843),1.1365352314220799e-05,0
HLA-DQB1 (3119),1.1351406342849558e-05,0
BCAR3 (8412),1.1349156413747486e-05,0
IGFBP3 (3486),1.1319156036772224e-05,0
UBD (10537),1.1317437019545564e-05,0
SLFN5 (162394),1.131340598276556e-05,0
ALDH3A1 (218),1.130019860288157e-05,0
CPE (1363),1.1247984268257863e-05,0
CYP2S1 (29785),1.12204321019271e-05,0
SERPINB6 (5269),1.120267846177545e-05,0
RAI14 (26064),1.1177946801961439e-05,0
CTSZ (1522),1.1171462895519875e-05,0
ANO1 (55107),1.1155608495282828e-05,0
FBLN1 (2192),1.114462753642966e-05,0
LRATD2 (157638),1.1129198987496554e-05,0
HS6ST2 (90161),1.1127397146971983e-05,0
CD55 (1604),1.1096201079252661e-05,0
MAGED4B (81557),1.1094947331774189e-05,0
FUCA2 (2519),1.1075004763577102e-05,0
MUC1 (4582),1.1011964078491257e-05,0
SERPINB9 (5272),1.1009068976563787e-05,0
TRPM2 (7226),1.096117930612531e-05,0
PALM2AKAP2 (445815),1.0946035977891103e-05,0
MSN (4478),1.0944869650330742e-05,0
LXN (56925),1.0934781561788387e-05,0
DNER (92737),1.0926479498556551e-05,0
SEPTIN1 (1731),1.092206815561775e-05,0
ENO2 (2026),1.0911083566707798e-05,0
VIL1 (7429),1.0884168390054446e-05,0
PLPP2 (8612),1.0874874642940715e-05,0
SLPI (6590),1.0865554313179086e-05,0
ECM1 (1893),1.0864164745621657e-05,0
EPS8L1 (54869),1.0862485264954153e-05,0
PDGFB (5155),1.0812093753661189e-05,0
OAS3 (4940),1.0802261063279255e-05,0
GJB2 (2706),1.0749294260975563e-05,0
TCL1A (8115),1.0717327397154849e-05,0
NMU (10874),1.0709175622783291e-05,0
NRROS (375387),1.0675937049048561e-05,0
PRUNE2 (158471),1.0658825724511587e-05,0
KITLG (4254),1.0658144570755146e-05,0
PRR15 (222171),1.063228251873343e-05,0
NEO1 (4756),1.0579317282842823e-05,0
NIBAN1 (116496),1.0575236926564212e-05,0
FYN (2534),1.0564969354421668e-05,0
PTPRC (5788),1.0562170275131714e-05,0
DNAJC15 (29103),1.0544197934542081e-05,0
SH2D4A (63898),1.053170961032052e-05,0
CHI3L2 (1117),1.0488924618239085e-05,0
ACSL5 (51703),1.0467591799391442e-05,0
CES1 (1066),1.0463976804111282e-05,0
TENM3 (55714),1.0446526411695135e-05,0
MRAS (22808),1.0434650237352283e-05,0
VAMP5 (10791),1.0366226963236357e-05,0
BCL2 (596),1.0352373576798558e-05,0
RHOV (171177),1.0320592578833917e-05,0
TEAD2 (8463),1.0232978620234722e-05,0
SPRY4 (81848),1.0207935101797865e-05,0
GPX3 (2878),1.0203585634544875e-05,0
COL16A1 (1307),1.0193425553774987e-05,0
IGFBP6 (3489),1.0154006134020305e-05,0
GRHL2 (79977),1.0147359555437076e-05,0
S100A6 (6277),1.0096683653433482e-05,0
DUSP5 (1847),1.008723635263446e-05,0
HLA-DMB (3109),1.0079299324642312e-05,0
FGFR2 (2263),1.0078978271830955e-05,0
EPHB4 (2050),1.0026699628055409e-05,0
CA12 (771),1.0007257561118354e-05,0
SERPINE2 (5270),9.99804647038851e-06,0
KIRREL1 (55243),9.99756588268461e-06,0
PLEK (5341),9.995324414263136e-06,0
NCKAP1L (3071),9.967919299196803e-06,0
MME (4311),9.946823192399025e-06,0
OLFML2A (169611),9.93500666778658e-06,0
TRIM47 (91107),9.915706317181137e-06,0
STEAP4 (79689),9.902995754265971e-06,0
CTSV (1515),9.89909328817808e-06,0
CAVIN3 (112464),9.863668995551575e-06,0
LY75 (4065),9.81831187156055e-06,0
BATF (10538),9.806592835847538e-06,0
HOXB9 (3219),9.747649408813829e-06,0
FSTL1 (11167),9.747399250839573e-06,0
GPAT3 (84803),9.74145596965186e-06,0
PPIC (5480),9.733472533200224e-06,0
MCF2L (23263),9.728985889820796e-06,0
SYT1 (6857),9.682153706824437e-06,0
GLIPR2 (152007),9.680218723009457e-06,0
RCSD1 (92241),9.676847273624146e-06,0
FXYD5 (53827),9.666016726096216e-06,0
APOL1 (8542),9.655689673848033e-06,0
JUN (3725),9.639427028085842e-06,0
PRSS16 (10279),9.638452376250005e-06,0
FADS2 (9415),9.590414469131213e-06,0
IL18 (3606),9.483028351312182e-06,0
GNG4 (2786),9.446457254162687e-06,0
YBX2 (51087),9.42012938627745e-06,0
ITGB2 (3689),9.406707448522496e-06,0
HES6 (55502),9.353513740499315e-06,0
MTSS1 (9788),9.331587336413924e-06,0
NR2F1 (7025),9.292409946533166e-06,0
AHNAK (79026),9.278075605406308e-06,0
TMEM54 (113452),9.272153587640658e-06,0
FAM83H (286077),9.211362031752933e-06,0
HLA-DMA (3108),9.174469168337565e-06,0
HMCN1 (83872),9.166232786539477e-06,0
CD37 (951),9.152289350268285e-06,0
ZBED2 (79413),9.14136831407261e-06,0
P3H3 (10536),9.12855036205725e-06,0
SPEG (10290),9.10930795297484e-06,0
BHLHE41 (79365),9.03158976134872e-06,0
KCNAB2 (8514),9.024418990341407e-06,0
KLK5 (25818),8.996363826652021e-06,0
ADAMTSL4 (54507),8.992348091945846e-06,0
MYO1G (64005),8.950473715076247e-06,0
LGALS4 (3960),8.904628810089555e-06,0
S100A2 (6273),8.888680502750784e-06,0
SLCO1B3 (28234),8.868823831117452e-06,0
PLP1 (5354),8.825576323818936e-06,0
TMTC1 (83857),8.804362768430442e-06,0
LGALS3 (3958),8.789113330045e-06,0
BMP7 (655),8.784782047999919e-06,0
LRP3 (4037),8.676203124882575e-06,0
VCAM1 (7412),8.660640742469485e-06,0
MYO1E (4643),8.639529570785435e-06,0
TSPAN4 (7106),8.621507134771642e-06,0
F3 (2152),8.616643339373046e-06,0
EVA1A (84141),8.586700655951491e-06,0
SLAIN1 (122060),8.572909123451398e-06,0
CFH (3075),8.550716650899825e-06,0
WLS (79971),8.541943652021348e-06,0
AKR1C3 (8644),8.50221695142537e-06,0
RFTN1 (23180),8.486210364920533e-06,0
GABARAPL1 (23710),8.470427122663076e-06,0
ANXA2 (302),8.46731032652811e-06,0
CPNE7 (27132),8.431003759262674e-06,0
IL2RG (3561),8.417868809132023e-06,0
PLEKHA7 (144100),8.385715509651438e-06,0
RUBCNL (80183),8.354395278766677e-06,0
SEMA3B (7869),8.348418637853216e-06,0
TMEM200A (114801),8.344354523836877e-06,0
F2RL2 (2151),8.336167284034054e-06,0
TINAGL1 (64129),8.309580265676383e-06,0
SLC43A3 (29015),8.302955016292814e-06,0
TGFB2 (7042),8.28671692920767e-06,0
ADAMTSL1 (92949),8.278195977661285e-06,0
UBE2L6 (9246),8.234050224917742e-06,0
MAP1LC3A (84557),8.197098189309246e-06,0
SAA2 (6289),8.172125010753477e-06,0
EML1 (2009),8.138834939246053e-06,0
STARD10 (10809),8.132429732471507e-06,0
GSTM2 (2946),8.126622194582368e-06,0
NIBAN2 (64855),8.117124058189642e-06,0
SDC2 (6383),8.097627231105265e-06,0
MT2A (4502),8.026688942616452e-06,0
MICAL2 (9645),7.98891973228548e-06,0
WNT10A (80326),7.977610038010185e-06,0
EXT1 (2131),7.967229721573603e-06,0
NUPR1 (26471),7.965302234413541e-06,0
KDELR3 (11015),7.953469851638006e-06,0
CCL20 (6364),7.948592716520102e-06,0
PTPN7 (5778),7.935938065440683e-06,0
SH3BGRL (6451),7.935130705839721e-06,0
PKIA (5569),7.935031425817482e-06,0
STING1 (340061),7.921479100802592e-06,0
DNAJA4 (55466),7.900738383866717e-06,0
TRIB2 (28951),7.891981666908094e-06,0
SOCS3 (9021),7.886173207952023e-06,0
PRSS23 (11098),7.872867236411475e-06,0
GALNT14 (79623),7.820837070304454e-06,0
PCP4 (5121),7.814553958227141e-06,0
IFI44L (10964),7.809510525976875e-06,0
EREG (2069),7.755725324497273e-06,0
TNS4 (84951),7.752125991712529e-06,0
HOXD10 (3236),7.749283943579991e-06,0
PON2 (5445),7.6815502941006e-06,0
ICAM1 (3383),7.65670214996601e-06,0
OLR1 (4973),7.646813361087433e-06,0
ITGB6 (3694),7.645213967154247e-06,0
SRPX2 (27286),7.644272440593794e-06,0
TWIST2 (117581),7.630074411289442e-06,0
DUSP1 (1843),7.626302070201526e-06,0
ATF7IP2 (80063),7.604216992789957e-06,0
TIMP2 (7077),7.5895094563634935e-06,0
BEX4 (56271),7.5832046009244884e-06,0
GPSM3 (63940),7.5560330790078964e-06,0
LAPTM5 (7805),7.5302794910812245e-06,0
GPX1 (2876),7.506220630819177e-06,0
LGR4 (55366),7.492744722566044e-06,0
EMILIN1 (11117),7.485431625772772e-06,0
ST6GAL1 (6480),7.480222566478914e-06,0
TRIM29 (23650),7.464526087914433e-06,0
PTK7 (5754),7.464042957772405e-06,0
FBN2 (2201),7.4495264038803855e-06,0
KIFC3 (3801),7.442365466242228e-06,0
CGREF1 (10669),7.442351304879386e-06,0
SH3RF2 (153769),7.427236402252895e-06,0
PAX6 (5080),7.402498170054213e-06,0
APOC1 (341),7.400964358176821e-06,0
ARHGAP15 (55843),7.395335876338477e-06,0
DHRS2 (10202),7.392119439097404e-06,0
APOE (348),7.372837551788281e-06,0
PLOD2 (5352),7.357058413862623e-06,0
SEMA5A (9037),7.2990313409790385e-06,0
SPON2 (10417),7.279838023984388e-06,0
HSPB8 (26353),7.27534992798641e-06,0
KLF5 (688),7.273458791119737e-06,0
PLEKHO1 (51177),7.2633441549257615e-06,0
CD68 (968),7.2167792084096015e-06,0
FAS (355),7.207220191453184e-06,0
SLC40A1 (30061),7.191624179527889e-06,0
FBLN5 (10516),7.187043862526553e-06,0
C4BPB (725),7.186211274572157e-06,0
TRIM2 (23321),7.171144454641362e-06,0
AKT3 (10000),7.167870817355538e-06,0
CKB (1152),7.126316809514339e-06,0
H1-0 (3005),7.11371069482942e-06,0
RPL39L (116832),7.083847899662382e-06,0
LCP1 (3936),7.072731812940373e-06,0
LAT (27040),7.020312939024917e-06,0
FN1 (2335),6.9943195338144625e-06,0
SLC6A8 (6535),6.935063158152561e-06,0
KCNH2 (3757),6.9258282789793955e-06,0
SYT11 (23208),6.918758063196292e-06,0
MYRF (745),6.894361662216411e-06,0
FCRLA (84824),6.8867237576621885e-06,0
GDF15 (9518),6.879342281240651e-06,0
STC2 (8614),6.8763178984782e-06,0
A1BG (1),6.868368336347296e-06,0
STAP2 (55620),6.8567600131707574e-06,0
DUSP23 (54935),6.835382457441743e-06,0
AZGP1 (563),6.833562381986032e-06,0
SCRN1 (9805),6.8097920612682734e-06,0
HOPX (84525),6.804855504819968e-06,0
CLIP4 (79745),6.795363974050469e-06,0
TFF3 (7033),6.783327061862346e-06,0
TXNIP (10628),6.778239277633432e-06,0
TNS1 (7145),6.765604047095886e-06,0
GNA15 (2769),6.7543245876107194e-06,0
ANXA6 (309),6.737134189391336e-06,0
CD109 (135228),6.735668146578325e-06,0
CCDC9B (388115),6.72282839275489e-06,0
EFNB2 (1948),6.71818365878009e-06,0
CTSF (8722),6.71161095846416e-06,0
CALD1 (800),6.711575503986052e-06,0
TMSB15B (286527),6.706550078250887e-06,0
STMN3 (50861),6.696039647998461e-06,0
PLK2 (10769),6.691586947317158e-06,0
AMIGO2 (347902),6.685448048040108e-06,0
KCNG1 (3755),6.674178048688424e-06,0
IQANK1 (642574),6.648005276030324e-06,0
KHDRBS3 (10656),6.640546024009186e-06,0
CDKN2B (1030),6.592998520127518e-06,0
KDM5D (8284),6.574355492538149e-06,0
ARHGDIB (397),6.564358693701453e-06,0
LFNG (3955),6.5375389926617975e-06,0
BDNF (627),6.530087844834817e-06,0
TUBB6 (84617),6.526196822016658e-06,0
GPC4 (2239),6.524052339696316e-06,0
NCEH1 (57552),6.523440313814636e-06,0
TMEM132A (54972),6.52330744192246e-06,0
ELMO1 (9844),6.51161417144673e-06,0
KRT14 (3861),6.479085442663324e-06,0
TCEAL3 (85012),6.471950998097563e-06,0
TCEAL7 (56849),6.470928495632004e-06,0
DCBLD2 (131566),6.463580888638393e-06,0
IRAG2 (4033),6.460471584745214e-06,0
RGS1 (5996),6.453784232263692e-06,0
KCNN4 (3783),6.430699000589483e-06,0
TGFBI (7045),6.4178800682252186e-06,0
NECTIN3 (25945),6.408440341539165e-06,0
IFI44 (10561),6.399563941442311e-06,0
HSPG2 (3339),6.3985600606232074e-06,0
CNTN1 (1272),6.381046003748982e-06,0
SDC1 (6382),6.362884879714519e-06,0
BDH1 (622),6.359653611121347e-06,0
FZD6 (8323),6.358440343642121e-06,0
CD163L1 (283316),6.356061950309501e-06,0
NPAS2 (4862),6.32657207957442e-06,0
ADRB2 (154),6.283748443301119e-06,0
ATP2A3 (489),6.2645690000108915e-06,0
WNT5A (7474),6.238284563442454e-06,0
POSTN (10631),6.2279697520420305e-06,0
NDRG4 (65009),6.224970508146322e-06,0
RASSF5 (83593),6.223183112879737e-06,0
MAGEA3 (4102),6.2205237039703805e-06,0
SPI1 (6688),6.2006757306105e-06,0
SLFN12 (55106),6.192261085884237e-06,0
AHNAK2 (113146),6.185077614550391e-06,0
ANXA10 (11199),6.1695263578564e-06,0
EPHB2 (2048),6.164036178751362e-06,0
INAVA (55765),6.15214809568125e-06,0
TNNT1 (7138),6.119814084539742e-06,0
PDZRN3 (23024),6.103762422547535e-06,0
PTP4A3 (11156),6.102312408414354e-06,0
SCG2 (7857),6.082411831003932e-06,0
FCGRT (2217),6.071351394102134e-06,0
SLC17A9 (63910),6.056360573928764e-06,0
PLAU (5328),6.038116646743433e-06,0
LCP2 (3937),6.02179658051964e-06,0
CAPN8 (388743),5.996416443783968e-06,0
SPNS2 (124976),5.996388831502661e-06,0
ANXA3 (306),5.987848340616717e-06,0
PIK3AP1 (118788),5.98684499100413e-06,0
IFI27L2 (83982),5.977064051763694e-06,0
RIPOR2 (9750),5.9669869050536935e-06,0
PTPRU (10076),5.966204084139949e-06,0
CYP24A1 (1591),5.920870092764396e-06,0
EDN1 (1906),5.888558414474999e-06,0
RGS2 (5997),5.845276793828378e-06,0
ZIC2 (7546),5.838881158676894e-06,0
MLF1 (4291),5.7759147012329365e-06,0
SHISA4 (149345),5.762518326122064e-06,0
CCND1 (595),5.750556252301002e-06,0
TUSC1 (286319),5.741230785256515e-06,0
STXBP6 (29091),5.732607726994565e-06,0
CD52 (1043),5.683717785847021e-06,0
IL6 (3569),5.675199348633694e-06,0
BIRC3 (330),5.657667582691525e-06,0
MTUS1 (57509),5.636420712562966e-06,0
NBL1 (4681),5.628512775241997e-06,0
EDIL3 (10085),5.616401404216183e-06,0
RGS20 (8601),5.5916735246975785e-06,0
OLFM2 (93145),5.5743047755063845e-06,0
PLIN2 (123),5.568607701916045e-06,0
PDPN (10630),5.5593262768107786e-06,0
IRF8 (3394),5.556070531196963e-06,0
CA2 (760),5.540779706151177e-06,0
PDE4B (5142),5.523321934073211e-06,0
MEIS3 (56917),5.515361140895722e-06,0
AK5 (26289),5.5131078465594116e-06,0
CPXM1 (56265),5.4854264422016625e-06,0
ANXA4 (307),5.48260188939339e-06,0
PVR (5817),5.47471958349662e-06,0
NABP1 (64859),5.46898100814371e-06,0
SERPINF1 (5176),5.428053764353783e-06,0
PITX1 (5307),5.4169811321712384e-06,0
GGT1 (2678),5.38900103641452e-06,0
B4GALNT4 (338707),5.380968197600323e-06,0
PRSS8 (5652),5.38005588251471e-06,0
ANXA5 (308),5.3780480439523605e-06,0
LAMA5 (3911),5.317408912778631e-06,0
COL11A1 (1301),5.315807377567525e-06,0
PEG10 (23089),5.287367432781668e-06,0
LAMA1 (284217),5.264564484749043e-06,0
LOXL1 (4016),5.2600320634962355e-06,0
PRDX2 (7001),5.257767327406698e-06,0
DIO2 (1734),5.252671631113139e-06,0
CAVIN1 (284119),5.192936031351405e-06,0
LIF (3976),5.182012035501492e-06,0
CD24 (100133941),5.178829165082143e-06,0
GNB4 (59345),5.175625164590963e-06,0
CLU (1191),5.151281083760614e-06,0
CD40 (958),5.143165461642412e-06,0
FHL2 (2274),5.141393649122498e-06,0
CLDN7 (1366),5.1406860677489865e-06,0
TGFA (7039),5.1306694234781675e-06,0
BEX3 (27018),5.086608496836084e-06,0
PLA2G4A (5321),5.063765236325009e-06,0
PODXL (5420),5.046224171449212e-06,0
CASP1 (834),5.039287056228568e-06,0
MCAM (4162),5.033675483787264e-06,0
ADGRL2 (23266),5.032393489216715e-06,0
CPA4 (51200),5.029532413650791e-06,0
FOLR1 (2348),5.021776041318211e-06,0
NFATC4 (4776),5.020684533189621e-06,0
STOM (2040),5.01362176076743e-06,0
SLC14A1 (6563),4.992900460401774e-06,0
PHACTR1 (221692),4.988978697761824e-06,0
NPR3 (4883),4.974004700944407e-06,0
TBX2 (6909),4.9620467912990095e-06,0
CREB3L1 (90993),4.930855077713625e-06,0
CD36 (948),4.9247052457815055e-06,0
SOX2 (6657),4.909923148648413e-06,0
IL1R1 (3554),4.907125590967773e-06,0
HSPB6 (126393),4.904784832619051e-06,0
CA9 (768),4.878481157759263e-06,0
PKDCC (91461),4.878411348464416e-06,0
KLK8 (11202),4.877251985730514e-06,0
RAB33A (9363),4.863692268477197e-06,0
PCDH7 (5099),4.8600578567339675e-06,0
PLAAT4 (5920),4.814756847291529e-06,0
CFB (629),4.8080901685446495e-06,0
FHOD3 (80206),4.807931306127065e-06,0
HLA-F (3134),4.8067603049365765e-06,0
CBR3 (874),4.7951312702435815e-06,0
G0S2 (50486),4.7948370226496294e-06,0
ESM1 (11082),4.786219585491611e-06,0
PPL (5493),4.760444302413957e-06,0
NXN (64359),4.753428156928282e-06,0
S100A3 (6274),4.7428077531778644e-06,0
DKK3 (27122),4.727952929167365e-06,0
TOX2 (84969),4.725649878942441e-06,0
PYCARD (29108),4.697695634817195e-06,0
SCARA3 (51435),4.6837771793947405e-06,0
GCHFR (2644),4.678917271775552e-06,0
TRNP1 (388610),4.668732556066398e-06,0
DDX3Y (8653),4.667815636295539e-06,0
PHLDB1 (23187),4.661391599444417e-06,0
GNAI1 (2770),4.6424770926939795e-06,0
NECTIN2 (5819),4.612071974450898e-06,0
SYTL2 (54843),4.606523881183562e-06,0
CDH17 (1015),4.600777316371707e-06,0
COL5A2 (1290),4.543221557405805e-06,0
MARCKS (4082),4.512118525212011e-06,0
MEGF6 (1953),4.510334367917114e-06,0
H1-2 (3006),4.495565312788763e-06,0
CCND2 (894),4.475745580020378e-06,0
TMEM158 (25907),4.460383445451284e-06,0
ITGB7 (3695),4.459095672734977e-06,0
SLC16A2 (6567),4.444851073033791e-06,0
LAMB3 (3914),4.4424435168398144e-06,0
CACNA2D1 (781),4.425449550309139e-06,0
PLAAT3 (11145),4.4187460111910126e-06,0
AIF1 (199),4.362201365723775e-06,0
ITGB3 (3690),4.3570469251530654e-06,0
DMTN (2039),4.345773291969902e-06,0
PARVG (64098),4.3451530202877606e-06,0
TUBB2A (7280),4.329962147578591e-06,0
LY6E (4061),4.297439868504496e-06,0
ALDH1L2 (160428),4.289374832629861e-06,0
CD38 (952),4.25523148318481e-06,0
GASK1B (51313),4.253051568728282e-06,0
S100A14 (57402),4.249875533405046e-06,0
CD274 (29126),4.249265314550023e-06,0
WIPF1 (7456),4.243332671620671e-06,0
ERBB3 (2065),4.232643982452592e-06,0
SERPINB2 (5055),4.2250477249790575e-06,0
FGFR3 (2261),4.217105348760675e-06,0
DUSP6 (1848),4.208595236851799e-06,0
ASPHD1 (253982),4.15111937622616e-06,0
MILR1 (284021),4.1239220509625095e-06,0
CXCL16 (58191),4.116416534065528e-06,0
GEM (2669),4.097350818339917e-06,0
ARL4C (10123),4.0933390498825625e-06,0
NRSN2 (80023),4.088446410710473e-06,0
OCIAD2 (132299),4.07916583056614e-06,0
CD44 (960),4.075208446029466e-06,0
IGF2BP2 (10644),4.0713723812821375e-06,0
PMEPA1 (56937),4.039774390042154e-06,0
DUSP2 (1844),3.997569884591708e-06,0
ALDOC (230),3.98715578762882e-06,0
AREG (374),3.985357986216714e-06,0
IFI30 (10437),3.984974616377484e-06,0
LZTS1 (11178),3.984832709075185e-06,0
GTSF1 (121355),3.954162637174762e-06,0
TMBIM1 (64114),3.925300273925121e-06,0
JAG1 (182),3.900034212867051e-06,0
MAGEH1 (28986),3.894715654980864e-06,0
CTSS (1520),3.893434978260733e-06,0
LGALS3BP (3959),3.878787884685626e-06,0
PLCD3 (113026),3.871541048572571e-06,0
MSRB3 (253827),3.8575105251776235e-06,0
SLIT3 (6586),3.8374333210429005e-06,0
LAMB1 (3912),3.8082022804734254e-06,0
PROCR (10544),3.7976313679005983e-06,0
MUC13 (56667),3.792834930230303e-06,0
FBP1 (2203),3.790084223399121e-06,0
SYDE1 (85360),3.782651977447818e-06,0
DNAJC12 (56521),3.7809053628208192e-06,0
FEZ1 (9638),3.7536787953177293e-06,0
PMEL (6490),3.752253495942143e-06,0
CSRP2 (1466),3.7479247431559047e-06,0
LTBP1 (4052),3.746252000667876e-06,0
MX2 (4600),3.7293466869309394e-06,0
TSPAN1 (10103),3.708904584203412e-06,0
FABP5 (2171),3.6915620988015374e-06,0
CD79B (974),3.6881707878464067e-06,0
PRR15L (79170),3.6616853660497523e-06,0
HLA-DQA1 (3117),3.6609593237501723e-06,0
CAPG (822),3.652903234059318e-06,0
NDRG2 (57447),3.6454352884850246e-06,0
CEMIP2 (23670),3.6382705983242745e-06,0
IGF2BP1 (10642),3.6076153151547645e-06,0
CD74 (972),3.603505717086581e-06,0
SQOR (58472),3.5815533560399947e-06,0
BCAT1 (586),3.581299919101301e-06,0
ATP1B1 (481),3.580883738439703e-06,0
CYB5R2 (51700),3.5802043357603614e-06,0
DAB2 (1601),3.5649197588299553e-06,0
P3H2 (55214),3.562800956441741e-06,0
ATP8B2 (57198),3.5214133004393097e-06,0
CFI (3426),3.508984853330482e-06,0
ANXA1 (301),3.5085183464760323e-06,0
BCL11A (53335),3.5070542705557576e-06,0
RIMKLB (57494),3.5045361179248208e-06,0
CTSL (1514),3.5034845318635076e-06,0
CACNG4 (27092),3.4829396486655277e-06,0
CDH3 (1001),3.481577556615814e-06,0
LPXN (9404),3.472559999550198e-06,0
GMFG (9535),3.4668987013275223e-06,0
SOX4 (6659),3.4470984655446954e-06,0
MYH10 (4628),3.398120950861841e-06,0
ID4 (3400),3.3814808148231142e-06,0
FABP3 (2170),3.3764040239399362e-06,0
EPS8L2 (64787),3.333934511913636e-06,0
SNX7 (51375),3.329617152252274e-06,0
SCNN1A (6337),3.3288748676231507e-06,0
MXRA7 (439921),3.3196622792102465e-06,0
MAL2 (114569),3.2909350847813857e-06,0
MYADM (91663),3.278371316359004e-06,0
GPC1 (2817),3.2575409886786154e-06,0
OXTR (5021),3.2573657564947543e-06,0
RFLNB (359845),3.2271662804342796e-06,0
SPATS2L (26010),3.215776370089782e-06,0
ADORA1 (134),3.207087866231605e-06,0
VGLL3 (389136),3.177974278202396e-06,0
ABCC2 (1244),3.1763974013430377e-06,0
LAD1 (3898),3.1736383359410615e-06,0
TM4SF1 (4071),3.17344506674802e-06,0
UPK3B (105375355),3.1552713906973833e-06,0
EVI2B (2124),3.1514060047748066e-06,0
PAGE5 (90737),3.1489788339301455e-06,0
WFDC2 (10406),3.1474123216734677e-06,0
MYOF (26509),3.113658463926635e-06,0
ZC4H2 (55906),3.1086759226510152e-06,0
NDN (4692),3.1031624332432494e-06,0
EPB41L1 (2036),3.0971034099124255e-06,0
ADD2 (119),3.0808159496089857e-06,0
GPR87 (53836),3.0772683375377676e-06,0
SERPINB7 (8710),3.0748013874512198e-06,0
SERPINA1 (5265),3.069511898701601e-06,0
HOXB3 (3213),3.0690588985689865e-06,0
FBLIM1 (54751),3.068490035118269e-06,0
CRACR2B (283229),3.068373417090044e-06,0
PCDH18 (54510),3.0317548973907796e-06,0
ITGB8 (3696),3.0265535169476756e-06,0
EGFR (1956),3.014379998670346e-06,0
GSTA4 (2941),3.012674270621083e-06,0
CD276 (80381),3.0055823313355856e-06,0
EIF4EBP3 (8637),2.986619831442708e-06,0
TMPRSS4 (56649),2.9763405689909608e-06,0
CEMIP (57214),2.9606988873588533e-06,0
GBP1 (2633),2.944203591193088e-06,0
CTAG1A (246100),2.924538262070758e-06,0
PAM (5066),2.922624500117372e-06,0
TUBB4A (10382),2.911828733800751e-06,0
PRRX1 (5396),2.901372817730383e-06,0
SLC16A3 (9123),2.8989996784021967e-06,0
MECOM (2122),2.896245562891697e-06,0
ZEB1 (6935),2.890063729909556e-06,0
CD70 (970),2.887302344528326e-06,0
S100A4 (6275),2.860311243440654e-06,0
RTL8A (26071),2.8421873852818375e-06,0
CLIC3 (9022),2.8305019927105796e-06,0
HMGN5 (79366),2.82880395142322e-06,0
TFPI (7035),2.8071147052303426e-06,0
PDLIM4 (8572),2.8051342760730975e-06,0
GBP3 (2635),2.803788163228008e-06,0
DNM1 (1759),2.801855005981923e-06,0
CLGN (1047),2.798186985694686e-06,0
SOCS2 (8835),2.7910452432701484e-06,0
PLSCR4 (57088),2.7878327230162563e-06,0
SEPTIN6 (23157),2.7656836140790156e-06,0
TYMP (1890),2.7603933427141145e-06,0
GFRA1 (2674),2.754877646872098e-06,0
EPAS1 (2034),2.745718352048143e-06,0
ARHGEF25 (115557),2.7399548266931345e-06,0
HLA-A (3105),2.708128500975782e-06,0
GAGE12F (100008586),2.7018087058150653e-06,0
CAMK1 (8536),2.6970080159814657e-06,0
DMD (1756),2.6913446224167748e-06,0
KLHL13 (90293),2.6890014937838716e-06,0
FBLN2 (2199),2.6857154354757286e-06,0
CAV2 (858),2.6840446355883388e-06,0
UBA7 (7318),2.6820798673552922e-06,0
ITM2A (9452),2.656013768788877e-06,0
ENC1 (8507),2.6502366818772403e-06,0
RARRES2 (5919),2.630637764662109e-06,0
GPR160 (26996),2.6288178118052684e-06,0
BHLHE40 (8553),2.6230717624145483e-06,0
MT1X (4501),2.6083226720703886e-06,0
EPHX1 (2052),2.588431518744235e-06,0
OAS1 (4938),2.574077621983842e-06,0
LAYN (143903),2.5660510751435826e-06,0
RGS4 (5999),2.5634466623092593e-06,0
EGLN3 (112399),2.5569348097547788e-06,0
ETV4 (2118),2.5398379404925715e-06,0
DPYD (1806),2.537506931845614e-06,0
PTPRM (5797),2.5035526389264855e-06,0
ADAMTS12 (81792),2.4675009863104847e-06,0
FSCN1 (6624),2.4672433390566475e-06,0
UBASH3B (84959),2.4583218911555616e-06,0
CCDC80 (151887),2.4483465856734376e-06,0
LRATD1 (151354),2.440640844118695e-06,0
TNFRSF12A (51330),2.436818517588196e-06,0
MELTF (4241),2.428878470326013e-06,0
RUNX2 (860),2.423391125656846e-06,0
ALDH2 (217),2.4172072508314634e-06,0
MGLL (11343),2.4161543966230897e-06,0
PALLD (23022),2.4056268635380747e-06,0
TMEM45B (120224),2.38303941902071e-06,0
LAIR1 (3903),2.364902448477517e-06,0
ARHGAP29 (9411),2.3569886499908704e-06,0
AKR1B10 (57016),2.353111023605071e-06,0
CKAP4 (10970),2.3519216935137718e-06,0
GLRX (2745),2.34102971461692e-06,0
ADGRE5 (976),2.34074210897563e-06,0
PLTP (5360),2.3166890852456653e-06,0
CD200 (4345),2.3161291230675848e-06,0
DOCK8 (81704),2.2957475642936956e-06,0
ELOVL2 (54898),2.295280686983729e-06,0
RAC2 (5880),2.290322082791828e-06,0
INPP5D (3635),2.2767422012602062e-06,0
MT1F (4494),2.2549504748526574e-06,0
CLMP (79827),2.241547674705987e-06,0
BCAR1 (9564),2.240296309726055e-06,0
TSPAN8 (7103),2.231854500616454e-06,0
EVI2A (2123),2.2255311627874343e-06,0
SMO (6608),2.2159021112025175e-06,0
KRT15 (3866),2.2154676625180475e-06,0
KRT18 (3875),2.211056425337128e-06,0
TGFBR2 (7048),2.2073664611161727e-06,0
CENPV (201161),2.1988773966369133e-06,0
ARHGEF16 (27237),2.1907502234062605e-06,0
COL6A2 (1292),2.1903969723728574e-06,0
ALDH1A3 (220),2.182619209634981e-06,0
S1PR3 (1903),2.1772196625035506e-06,0
APLP1 (333),2.176719378437385e-06,0
CLDN4 (1364),2.146944220614438e-06,0
AXL (558),2.145965515799318e-06,0
CDA (978),2.1454800679356773e-06,0
SLC7A2 (6542),2.134724401319021e-06,0
LARGE2 (120071),2.1311820379531416e-06,0
SLAMF7 (57823),2.1273908031801575e-06,0
CACNA2D4 (93589),2.1141471042524277e-06,0
ZNF528 (84436),2.1043995669234993e-06,0
PIR (8544),2.100933666776704e-06,0
CD79A (973),2.0989462666832653e-06,0
ITGAV (3685),2.0987905303566876e-06,0
IL1A (3552),2.0776174318921286e-06,0
TLE4 (7091),2.068250579985783e-06,0
ARMCX2 (9823),2.0297135933882493e-06,0
CCL2 (6347),2.021675571389963e-06,0
GSTM3 (2947),2.0181093513550054e-06,0
NTS (4922),2.012619760421018e-06,0
NDRG1 (10397),2.0053821910644658e-06,0
CTSC (1075),1.979458774783023e-06,0
BMERB1 (89927),1.965617875449265e-06,0
KRT8 (3856),1.9634787136543216e-06,0
CLIP3 (25999),1.958051722262507e-06,0
ALPK2 (115701),1.9567114080495228e-06,0
ADAM19 (8728),1.954349518994444e-06,0
NTN4 (59277),1.9530692811095305e-06,0
MISP (126353),1.950786675393845e-06,0
SEZ6L2 (26470),1.9481487057760884e-06,0
EPS8 (2059),1.939638980498594e-06,0
TMT1A (25840),1.937133853123622e-06,0
CARD10 (29775),1.9342989990343524e-06,0
ARSL (415),1.9331488795459307e-06,0
TNFRSF14 (8764),1.920080164152251e-06,0
ZNF880 (400713),1.9146715960133547e-06,0
CARMIL2 (146206),1.9095011947187456e-06,0
ASS1 (445),1.9062363273116224e-06,0
PSCA (8000),1.8991753964919646e-06,0
L1CAM (3897),1.8900036176461576e-06,0
TUBB3 (10381),1.889412061393979e-06,0
ROBO1 (6091),1.8887143349256725e-06,0
ARHGAP23 (57636),1.8719112000227793e-06,0
ADAM12 (8038),1.862088889387156e-06,0
DTX1 (1840),1.856281854645458e-06,0
YAP1 (10413),1.8510316321933365e-06,0
PRSS12 (8492),1.842889414836027e-06,0
LIPG (9388),1.8396565965476661e-06,0
HPGD (3248),1.8387158168276595e-06,0
RBP7 (116362),1.8325461743575451e-06,0
RAB25 (57111),1.8249334755017032e-06,0
TCF4 (6925),1.8109038966853693e-06,0
EDNRB (1910),1.7970856391951443e-06,0
TP63 (8626),1.7946753494802207e-06,0
NREP (9315),1.7828608669462686e-06,0
IL20RB (53833),1.7611892713610225e-06,0
SLCO3A1 (28232),1.7541630722595817e-06,0
RHOH (399),1.7533386078844186e-06,0
DLX1 (1745),1.7483773085361434e-06,0
NPTX2 (4885),1.7327961978750564e-06,0
GSTM1 (2944),1.7295008095191238e-06,0
HEG1 (57493),1.7253617217697238e-06,0
COL6A1 (1291),1.7120260348923336e-06,0
RAB34 (83871),1.711920099563291e-06,0
FMNL1 (752),1.7090678380579822e-06,0
STEAP1 (26872),1.6886487914486866e-06,0
STRA6 (64220),1.6755657490047894e-06,0
SLC12A8 (84561),1.674124637603825e-06,0
IGLL5 (100423062),1.6705452966499014e-06,0
CD69 (969),1.658371916558659e-06,0
RGL3 (57139),1.6512850310232246e-06,0
TOX (9760),1.6491804669989186e-06,0
RAB17 (64284),1.6412501050750812e-06,0
MAL (4118),1.6388919651446252e-06,0
C16orf74 (404550),1.6386366810046627e-06,0
CST3 (1471),1.6379496488668206e-06,0
TMC6 (11322),1.6300699637688398e-06,0
OLFML3 (56944),1.6242857229366172e-06,0
PCSK6 (5046),1.60587863329083e-06,0
ACKR3 (57007),1.6009365035923333e-06,0
RENBP (5973),1.5909178953575558e-06,0
HGF (3082),1.5772527204779817e-06,0
C1orf116 (79098),1.5726212711252922e-06,0
ST14 (6768),1.571707155177135e-06,0
GPNMB (10457),1.5645908320601758e-06,0
NCAM1 (4684),1.539391127245485e-06,0
CCN2 (1490),1.534323296586004e-06,0
PPP1R13L (10848),1.5301973522364237e-06,0
EFEMP2 (30008),1.5185253484972026e-06,0
TSPAN7 (7102),1.5136424503578585e-06,0
CSAG1 (158511),1.5113514679320461e-06,0
IGFBP5 (3488),1.5091684391502673e-06,0
SULF1 (23213),1.5087386696758445e-06,0
GRAMD2B (65983),1.4993300617660857e-06,0
MFAP2 (4237),1.4943244577032772e-06,0
ATP10A (57194),1.487879011501152e-06,0
GSDME (1687),1.4766574693688966e-06,0
ISYNA1 (51477),1.473598756160631e-06,0
DENND1C (79958),1.4684206682185354e-06,0
HTATIP2 (10553),1.4683501120690536e-06,0
FAM20C (56975),1.4663842724433457e-06,0
CXCL1 (2919),1.4637379920323355e-06,0
FAM83A (84985),1.4599681491146844e-06,0
EMP3 (2014),1.4546451205825982e-06,0
GJB5 (2709),1.449710243995036e-06,0
FCGR2A (2212),1.4395176519675108e-06,0
PTPRS (5802),1.4353566603928735e-06,0
LSR (51599),1.4216451586538112e-06,0
TMC8 (147138),1.4136553812551045e-06,0
AMOTL2 (51421),1.4019259672891103e-06,0
RBP1 (5947),1.3989478218280262e-06,0
CRABP2 (1382),1.3924143465074042e-06,0
PDLIM2 (64236),1.3923705025976425e-06,0
TMSB15A (11013),1.3892048071460528e-06,0
PLEKHB1 (58473),1.384712981546999e-06,0
LOXL3 (84695),1.3844855803640984e-06,0
GPR176 (11245),1.3657023399308397e-06,0
HMOX1 (3162),1.3618303826030586e-06,0
TMEM40 (55287),1.3560849950938393e-06,0
SLC22A17 (51310),1.3466093847084333e-06,0
HLA-DRB1 (3123),1.3433875377893332e-06,0
DOCK10 (55619),1.331253926382258e-06,0
GAGE2A (729447),1.3246999448630425e-06,0
INHBA (3624),1.3183679852521712e-06,0
BLNK (29760),1.3179034910307185e-06,0
ALS2CL (259173),1.3124676808644113e-06,0
ABI3BP (25890),1.3123802668678472e-06,0
NCALD (83988),1.3109951253630026e-06,0
PRSS2 (5645),1.2892432882113112e-06,0
COL17A1 (1308),1.2848799127826552e-06,0
GATM (2628),1.2787022867086733e-06,0
HDAC9 (9734),1.2684014033291497e-06,0
SYTL1 (84958),1.2630124093301953e-06,0
ZNF703 (80139),1.2594037306987174e-06,0
TGFB1I1 (7041),1.2556365761290768e-06,0
THBS1 (7057),1.2551426971171532e-06,0
PHLDA2 (7262),1.248763503485423e-06,0
F11R (50848),1.246691679872799e-06,0
AJUBA (84962),1.2420907603794084e-06,0
EGFL7 (51162),1.2389427463476665e-06,0
CKMT1A (548596),1.2222483131190146e-06,0
ITGA4 (3676),1.2108361356646594e-06,0
SNCA (6622),1.1913629694917773e-06,0
LRRC61 (65999),1.1777733044185204e-06,0
ID2 (3398),1.170631758408142e-06,0
TPBG (7162),1.1689453744143852e-06,0
LCK (3932),1.1647163233911953e-06,0
LMNA (4000),1.1525170448482778e-06,0
SERINC2 (347735),1.1496261745628263e-06,0
AKR1C1 (1645),1.1404369549526007e-06,0
CAPN3 (825),1.1113474077831287e-06,0
LY6D (8581),1.108124058935527e-06,0
AIF1L (83543),1.09752884969477e-06,0
HID1 (283987),1.097353738780928e-06,0
NICOL1 (401115),1.0942844792796233e-06,0
PREX1 (57580),1.0876124118634762e-06,0
PCSK9 (255738),1.0855126966475488e-06,0
B3GNT3 (10331),1.0692461436463872e-06,0
SPESP1 (246777),1.0668554187877137e-06,0
HOOK1 (51361),1.0664813609190596e-06,0
MVP (9961),1.063831644496981e-06,0
NPNT (255743),1.0619673694229753e-06,0
ABLIM3 (22885),1.0589629486455691e-06,0
RRAD (6236),1.033865220880268e-06,0
IL1RAP (3556),1.0241277157062518e-06,0
GPM6B (2824),1.0215718667829624e-06,0
LURAP1L (286343),1.0203060099339134e-06,0
KYNU (8942),1.0094575946200056e-06,0
AOX1 (316),9.97065750697216e-07,0
COL18A1 (80781),9.857325752788048e-07,0
PIMREG (54478),9.81881878256394e-07,0
GCNT3 (9245),9.758575317556377e-07,0
NT5E (4907),9.671739672266787e-07,0
KLK6 (5653),9.640836645362113e-07,0
CNN3 (1266),9.511663612891239e-07,0
CST7 (8530),9.388400045857644e-07,0
IL13RA2 (3598),9.366054293362006e-07,0
SEL1L3 (23231),9.272971353299459e-07,0
UCP2 (7351),9.173156135270795e-07,0
CEACAM1 (634),9.149949194299527e-07,0
FGF5 (2250),9.079940654362248e-07,0
IL7R (3575),9.051784442638323e-07,0
CAV1 (857),9.002745196606523e-07,0
RHOD (29984),8.999568245971786e-07,0
TSPAN13 (27075),8.974482734251941e-07,0
EFEMP1 (2202),8.936205124180607e-07,0
KIF5C (3800),8.914413208214969e-07,0
LAMC2 (3918),8.771474313232839e-07,0
EPN3 (55040),8.660652385277894e-07,0
PTMS (5763),8.607704923037626e-07,0
ERBB2 (2064),8.39859890638582e-07,0
LYPD6B (130576),8.355675557370847e-07,0
CTSK (1513),8.307078095670271e-07,0
EEF1A2 (1917),8.107602158049947e-07,0
DLL3 (10683),8.101636005340122e-07,0
CYB5A (1528),8.022872693409405e-07,0
HLA-DRA (3122),7.891561035506243e-07,0
NLRP1 (22861),7.857734865733374e-07,0
UCN2 (90226),7.848874569615497e-07,0
RHOBTB3 (22836),7.77613633701125e-07,0
CEBPA (1050),7.770875190566905e-07,0
VPREB3 (29802),7.739571786486487e-07,0
STC1 (6781),7.608176069126378e-07,0
GULP1 (51454),7.589415686858216e-07,0
SRPX (8406),7.564476444686565e-07,0
PRSS3 (5646),7.500783461293133e-07,0
MT1E (4493),7.416206524693949e-07,0
B3GALNT1 (8706),7.398816741062969e-07,0
TNFRSF6B (8771),7.364204491530167e-07,0
LAMA3 (3909),7.331974891888203e-07,0
OBSL1 (23363),7.244428229593011e-07,0
BIK (638),7.230393266724177e-07,0
KCTD12 (115207),7.167464626313981e-07,0
VEGFC (7424),7.089889409668866e-07,0
CALB1 (793),7.041479272330283e-07,0
MEST (4232),7.02878999700437e-07,0
FXYD2 (486),7.027915679116825e-07,0
GSN (2934),6.996654843745995e-07,0
REEP2 (51308),6.992163381332364e-07,0
IL11 (3589),6.95628329211249e-07,0
PRKCB (5579),6.954504951413632e-07,0
FRMD6 (122786),6.869345960553319e-07,0
GPX2 (2877),6.836122780888676e-07,0
TCIM (56892),6.805547949434382e-07,0
PTGS2 (5743),6.757372185298904e-07,0
RASGRP2 (10235),6.74505809450069e-07,0
ALDH7A1 (501),6.728259972472861e-07,0
CYTL1 (54360),6.671741670999423e-07,0
SMIM10 (644538),6.656154217285977e-07,0
FGFR1 (2260),6.62476230182312e-07,0
FBN1 (2200),6.522592274224459e-07,0
ANTXR2 (118429),6.473764045474705e-07,0
TMEM156 (80008),6.415116702700794e-07,0
DTX3 (196403),6.401231891183801e-07,0
FXYD6 (53826),6.355355786493064e-07,0
GJC1 (10052),6.336478095002089e-07,0
APP (351),6.288597156858874e-07,0
ELN (2006),6.194715661311978e-07,0
GNG11 (2791),6.139332870606951e-07,0
PBX1 (5087),6.127723832969404e-07,0
ITGA6 (3655),6.115881169213908e-07,0
PCDH1 (5097),6.084380938502889e-07,0
SEMA7A (8482),6.079154552349027e-07,0
CXCL8 (3576),6.06857387270006e-07,0
TP53I11 (9537),6.038565149348538e-07,0
AP1M2 (10053),5.867652503784139e-07,0
PSG4 (5672),5.862304930014251e-07,0
MAGEA10 (4109),5.654728417011909e-07,0
IRF6 (3664),5.623201339850863e-07,0
CDC42EP3 (10602),5.622993869274641e-07,0
CDKN2C (1031),5.62009181574563e-07,0
MYEOV (26579),5.458419572859067e-07,0
CASP4 (837),5.38991147224923e-07,0
KLK11 (11012),5.360879977034661e-07,0
IL1B (3553),5.352766096939029e-07,0
IFIT2 (3433),5.3258359766953e-07,0
EGR1 (1958),5.307859813544939e-07,0
TIMP3 (7078),5.233446562940827e-07,0
ANTXR1 (84168),5.222678361177403e-07,0
ZNF532 (55205),5.215069660903135e-07,0
PDGFA (5154),5.210522514646863e-07,0
MYH14 (79784),5.186951816046667e-07,0
ARHGEF5 (7984),5.16365103506775e-07,0
CHI3L1 (1116),5.15437820138404e-07,0
MDK (4192),5.116439912789195e-07,0
C14orf132 (56967),4.97255855765016e-07,0
HGD (3081),4.888741364675396e-07,0
CAP2 (10486),4.704053594005158e-07,0
MAGED4 (728239),4.6963623649417773e-07,0
MITF (4286),4.527214443264912e-07,0
FAM241B (219738),4.524181736149484e-07,0
SLC35G2 (80723),4.4734003778134815e-07,0
NRG1 (3084),4.414660781393747e-07,0
BEX2 (84707),4.3751553800736223e-07,0
TNFAIP6 (7130),4.374065161176912e-07,0
COL3A1 (1281),4.333313426139759e-07,0
ALDH1A1 (216),4.240984734379464e-07,0
COL12A1 (1303),4.22669029972551e-07,0
TNC (3371),4.2154779862590755e-07,0
NCF2 (4688),4.131175988094673e-07,0
EMP2 (2013),4.094336290412134e-07,0
TMEM265 (100862671),4.0659482197017757e-07,0
S100A11 (6282),4.025362287472083e-07,0
CDC42EP5 (148170),3.951946374939053e-07,0
HBEGF (1839),3.901601707018393e-07,0
ZNF595 (152687),3.832010559996572e-07,0
VEPH1 (79674),3.7908189708164395e-07,0
SAMD11 (148398),3.7383413271866157e-07,0
LOX (4015),3.669924049938632e-07,0
TMEM176A (55365),3.605439730591705e-07,0
ABCC3 (8714),3.574145130659208e-07,0
PRRX2 (51450),3.566187880152825e-07,0
UNC13D (201294),3.503100846434624e-07,0
AGRN (375790),3.475810392421505e-07,0
WNK2 (65268),3.4690697826030606e-07,0
CD53 (963),3.436517851629923e-07,0
PKIB (5570),3.379954686815417e-07,0
ETS1 (2113),3.329487976327527e-07,0
TC2N (123036),3.287461082451867e-07,0
CRISPLD1 (83690),3.2792899896199593e-07,0
PRKAR2B (5577),3.128686231362685e-07,0
ITGA11 (22801),3.025103382622855e-07,0
MT1G (4495),3.024762295531953e-07,0
SRGN (5552),3.024172368818261e-07,0
FLI1 (2313),3.0055261906265916e-07,0
PLCB4 (5332),2.9741252245982846e-07,0
PERP (64065),2.970529186563477e-07,0
CD82 (3732),2.9250562870818226e-07,0
CMBL (134147),2.852167453510787e-07,0
IL13RA1 (3597),2.79869581753097e-07,0
PDGFRB (5159),2.724606452542441e-07,0
SELENOP (6414),2.659479625315775e-07,0
KCNS3 (3790),2.5744073041736263e-07,0
IL16 (3603),2.5445963376485043e-07,0
GPRC5A (9052),2.3490370320347392e-07,0
TNFRSF19 (55504),2.2603172106647858e-07,0
ANK3 (288),2.2464653364302195e-07,0
EMP1 (2012),2.2428754552205155e-07,0
SORBS2 (8470),2.2155654566032533e-07,0
KRTCAP3 (200634),2.109537318530875e-07,0
CDC42EP1 (11135),2.100548877530483e-07,0
AKAP12 (9590),2.060674332251658e-07,0
RTL8C (8933),2.047344764287504e-07,0
ADAMTS2 (9509),2.0177423062722327e-07,0
MARCKSL1 (65108),2.0079001465362008e-07,0
MAOA (4128),2.0029107962855692e-07,0
OLFM1 (10439),1.9410903811755545e-07,0
GSTT2B (653689),1.936549266180361e-07,0
GPX8 (493869),1.9322914373315784e-07,0
HSH2D (84941),1.9016656521234237e-07,0
LTB (4050),1.8804266071522628e-07,0
EPB41L2 (2037),1.8361047159234822e-07,0
SLC39A4 (55630),1.8292366845627557e-07,0
RNASE1 (6035),1.7800105971419392e-07,0
LBH (81606),1.7130094459324874e-07,0
GMPR (2766),1.677481270529243e-07,0
LIMCH1 (22998),1.6535392226378204e-07,0
MUC20 (200958),1.6464117599072232e-07,0
PCOLCE2 (26577),1.6293256362140327e-07,0
TAGLN3 (29114),1.6052506605440415e-07,0
TFF1 (7031),1.576700257600494e-07,0
MAGEA1 (4100),1.5751482176731995e-07,0
VASN (114990),1.572585011205846e-07,0
TSPAN15 (23555),1.5197569368062386e-07,0
IGLL1 (3543),1.3934666228233151e-07,0
CST6 (1474),1.3675574665080298e-07,0
SELENOM (140606),1.3639034357412207e-07,0
AFF3 (3899),1.3551209607361718e-07,0
BAMBI (25805),1.340399570102288e-07,0
HTRA1 (5654),1.2903047147174963e-07,0
VWA1 (64856),1.2784956227759998e-07,0
ALPP (250),1.2583307773337314e-07,0
KLF4 (9314),1.2503249415773926e-07,0
RTL8B (441518),1.2363358678813312e-07,0
BSPRY (54836),1.2274991795717362e-07,0
COCH (1690),1.2174567833819514e-07,0
IL32 (9235),1.202929134145217e-07,0
SASH3 (54440),1.194216857527543e-07,0
CPT1C (126129),1.19252913548186e-07,0
AFAP1L2 (84632),1.1395485197705725e-07,0
SCG5 (6447),1.1330637967138036e-07,0
DKK1 (22943),1.1258366387445138e-07,0
COL9A3 (1299),1.1043492613451694e-07,0
CRIP2 (1397),1.0814482570015674e-07,0
DHRS3 (9249),1.0620226640633201e-07,0
SPINK1 (6690),1.0617418713189153e-07,0
KCNMA1 (3778),1.0597276861336591e-07,0
MYLK (4638),1.048590128759506e-07,0
HSPA2 (3306),1.043205347295415e-07,0
NECTIN4 (81607),1.0303815287421467e-07,0
ARNT2 (9915),1.0015129407768456e-07,0
PDLIM3 (27295),9.923608384742383e-08,0
GJB1 (2705),9.827841079347506e-08,0
PTPRK (5796),9.037135117111447e-08,0
TSC22D3 (1831),8.816988121230165e-08,0
CDH2 (1000),8.672267315313628e-08,0
RGCC (28984),8.662480473229735e-08,0
CXCL6 (6372),8.446235549930959e-08,0
PROM1 (8842),8.304989549736794e-08,0
LIPH (200879),8.049977248280635e-08,0
NCF4 (4689),7.962378200628724e-08,0
CDS1 (1040),7.610433274975204e-08,0
TTC39A (22996),7.57992115416279e-08,0
ANGPTL4 (51129),7.557400114915082e-08,0
MAGEB2 (4113),7.452184606564579e-08,0
NTM (50863),6.92162761296247e-08,0
ERRFI1 (54206),6.711841292108719e-08,0
SPHK1 (8877),6.701093005017657e-08,0
CBLC (23624),6.402859883880803e-08,0
PTGES (9536),6.341070467562869e-08,0
TNFRSF21 (27242),6.319989398318926e-08,0
SLC12A7 (10723),6.137927862852109e-08,0
ITGA5 (3678),6.016801089720702e-08,0
ANKRD1 (27063),5.5790127048035274e-08,0
TMC4 (147798),5.45285911762589e-08,0
FXYD3 (5349),5.3555271999378926e-08,0
TSPAN5 (10098),5.3545232407415186e-08,0
GBP2 (2634),5.2942385745163655e-08,0
COL5A1 (1289),5.1234013177790106e-08,0
LGALS9 (3965),4.502731113189986e-08,0
CCN1 (3491),4.2987699925543684e-08,0
C1orf210 (149466),4.239609650825682e-08,0
NFASC (23114),4.074564934429989e-08,0
CMTM3 (123920),4.067106749130004e-08,0
TMEM176B (28959),3.890003318891589e-08,0
PROSER2 (254427),3.7248562045490246e-08,0
LPAR1 (1902),3.705693881130843e-08,0
SERPINH1 (871),3.493092354201802e-08,0
HLA-DPB1 (3115),3.30341329695835e-08,0
CCN3 (4856),2.8447442847179056e-08,0
MAGEA12 (4111),2.8360936009387075e-08,0
LCN2 (3934),2.807997574350483e-08,0
TJP3 (27134),2.646110840520039e-08,0
KRTAP2-3 (730755),2.633342309293102e-08,0
FAP (2191),2.61426749563106e-08,0
SEMA3C (10512),2.4610956020653072e-08,0
STAT5A (6776),2.2034219421659987e-08,0
CYP4F11 (57834),2.17705085332659e-08,0
ASCL1 (429),2.146392049443792e-08,0
SEPTIN10 (151011),2.145509731829782e-08,0
RRAGD (58528),2.0237313207344575e-08,0
NNMT (4837),1.9671346537933905e-08,0
LUM (4060),1.9217889093150934e-08,0
OASL (8638),1.8101101585253868e-08,0
GRB7 (2886),1.7028421540286044e-08,0
CDH1 (999),1.6746749151169444e-08,0
RTN1 (6252),1.629539074944217e-08,0
MXRA8 (54587),1.5359678141300524e-08,0
MPZL2 (10205),1.4265111180309713e-08,0
DOCK2 (1794),1.4227738660836358e-08,0
PTX3 (5806),1.1294220301898724e-08,0
CADM1 (23705),1.0193828535765846e-08,0
PHLDA3 (23612),8.974358606278658e-09,0
SAMSN1 (64092),8.781442192212046e-09,0
KCNK1 (3775),8.690383072998254e-09,0
EFS (10278),7.810557746396078e-09,0
MICA (100507436),7.557831082058181e-09,0
MACC1 (346389),5.754263678554491e-09,0
GOLT1A (127845),5.386486687462568e-09,0
COX7A1 (1346),5.331306008978209e-09,0
PRR16 (51334),5.2830527249599544e-09,0
RAB31 (11031),5.276027904714192e-09,0
PLCG2 (5336),5.22949830710112e-09,0
ALDH3B1 (221),5.206429999635338e-09,0
FERMT2 (10979),5.19498544713256e-09,0
SV2A (9900),4.604093655842554e-09,0
ANXA8L1 (728113),4.122982415543293e-09,0
CELSR1 (9620),4.0009203923655e-09,0
ANXA8 (653145),3.215066199877804e-09,0
ALCAM (214),2.6561705964615146e-09,0
ELAPOR2 (222223),2.564048912005253e-09,0
EHD2 (30846),2.2061288233640755e-09,0
MAP7 (9053),2.1157725641443166e-09,0
GALNT3 (2591),2.114623622055385e-09,0
VGLL1 (51442),2.0605696502229764e-09,0
SHTN1 (57698),1.5887204024485789e-09,0
ITGA1 (3672),1.5385416523861233e-09,0
CCBE1 (147372),1.4652650886107633e-09,0
FUT3 (2525),1.1406845925398777e-09,0
MYO10 (4651),1.0883799281199593e-09,0
DEF6 (50619),1.0159552733656555e-09,0
CERS4 (79603),9.560737072307569e-10,0
LLGL2 (3993),9.442135426320892e-10,0
PDGFRA (5156),8.583200275350849e-10,0
VAMP8 (8673),7.424373773980926e-10,0
MTAP (4507),7.161103451575701e-10,0
JAG2 (3714),6.626749627058324e-10,0
ELF3 (1999),5.954311851953888e-10,0
TCEAL4 (79921),5.805295666089519e-10,0
SPRR1B (6699),4.0720897016934873e-10,0
KDF1 (126695),3.955103694368103e-10,0
OAS2 (4939),3.5680128287465587e-10,0
ADGRG1 (9289),3.4642830880700996e-10,0
EVPL (2125),3.4314133916522736e-10,0
NEFL (4747),3.4079439868329817e-10,0
TRABD2A (129293),3.3125578964173496e-10,0
DDAH1 (23576),3.2367661026131417e-10,0
FKBP10 (60681),3.222014148803861e-10,0
TMEM45A (55076),2.3677673288638806e-10,0
TMEM125 (128218),2.1069334779099986e-10,0
TM4SF19 (116211),1.657616932872057e-10,0
C1QTNF1 (114897),1.5998888447498943e-10,0
MFAP4 (4239),1.5000023031692222e-10,0
P4HA2 (8974),9.562735654964708e-11,0
CMKLR2 (2825),8.220781783836563e-11,0
PRSS22 (64063),7.380246741511801e-11,0
CARD16 (114769),7.182225073990689e-11,0
SMIM24 (284422),6.235218254418653e-11,0
THBS2 (7058),5.956075522156715e-11,0
VANGL2 (57216),3.1630875999998346e-11,0
LARP6 (55323),1.6115103000985032e-11,0
MOXD1 (26002),1.2763269473923453e-11,0
BCL2A1 (597),5.131169077104135e-12,0
CNKSR1 (10256),2.7837920085050405e-12,0
CEACAM5 (1048),2.4471425774228462e-12,0
ADAM8 (101),2.091244853296051e-12,0
AHR (196),1.885711630526978e-12,0
PPP1R14C (81706),1.4074528779030807e-12,0
SNCG (6623),1.295615218177655e-12,0
RASSF8 (11228),8.057228050561824e-13,0
SLC16A6 (9120),2.503167471162506e-13,0
CPM (1368),0.0,0
SPTSSB (165679),0.0,0
NFKBIZ (64332),0.0,0
CRB3 (92359),0.0,0
S100A9 (6280),0.0,0
CAMK2N1 (55450),0.0,0
SKAP1 (8631),0.0,0
APBB1 (322),0.0,0
PLPP3 (8613),0.0,0
RND3 (390),0.0,0
KRT80 (144501),0.0,0
JUP (3728),0.0,0
PI3 (5266),0.0,0
PLAUR (5329),0.0,0
FHL1 (2273),0.0,0
VLDLR (7436),0.0,0
QPCT (25797),0.0,0
GYG2 (8908),0.0,0
SUSD3 (203328),0.0,0
CBS (875),0.0,0
DEFB1 (1672),0.0,0
MX1 (4599),0.0,0
GPR39 (2863),0.0,0
PTPRCAP (5790),0.0,0
ME1 (4199),0.0,0
SEMA3A (10371),0.0,0
GSDMD (79792),0.0,0
CHMP4C (92421),0.0,0
PAPSS2 (9060),0.0,0
CCL5 (6352),0.0,0
ARHGEF35 (445328),0.0,0
ANO9 (338440),0.0,0
SGCE (8910),0.0,0
GPX7 (2882),0.0,0
SAA1 (6288),0.0,0
MYO1D (4642),0.0,0
ARSJ (79642),0.0,0
